category,score,asset_key,path,source,used_by_count,used_by,status,reason,recommendation,searchQuery,alt,delivered_src,in_cache,cultural_markers
REPLACE,5,hash:8555282400b5f761,public/clients/elektro-kovac/services.jpg,local:public/clients/elektro-kovac/services.jpg,13,elektro-kovac; marko-cerekovic; qa-vulkanizerji-01-classic-split; qa-vulkanizerji-02-editorial-type; qa-vulkanizerji-03-photo-forward; qa-vulkanizerji-04-stats-trust; qa-vulkanizerji-05-minimal-line; qa-vulkanizerji-06-service-grid; qa-vulkanizerji-07-asymmetric-bold; qa-vulkanizerji-08-dark-pro; qa-vulkanizerji-09-warm-soft; qa-vulkanizerji-10-industrial-plain …,USED,Colored pencils wrong trade,Replace tire/key cutting,,Natančna izdelava ključev v delavnici,/clients/vulkanizerstvo-izdelava-kljucev/services.jpg,False,pencils
REPLACE,18,pexels:32588548,,https://www.pexels.com/photo/plumber-repairing-pipe-with-wrench-indoors-32588548/,13,kaplja-vodovodne-andrej; napeljava-vodovodnih-centralnih; qa-vodovodarji-ogrevanje-01-classic-split; qa-vodovodarji-ogrevanje-02-editorial-type; qa-vodovodarji-ogrevanje-03-photo-forward; qa-vodovodarji-ogrevanje-04-stats-trust; qa-vodovodarji-ogrevanje-05-minimal-line; qa-vodovodarji-ogrevanje-06-service-grid; qa-vodovodarji-ogrevanje-07-asymmetric-bold; qa-vodovodarji-ogrevanje-08-dark-pro; qa-vodovodarji-ogrevanje-09-warm-soft; qa-vodovodarji-ogrevanje-10-industrial-plain …,USED,Cyrillic ТЕХНОБЫТСЕРВИС overalls,Replace plumbing without Cyrillic,plumber working on pipes installation,Montaža vodovodnih inštalacij in sanitarne opreme,https://k1dgldwcgd9jslu2.public.blob.vercel-storage.com/clients/vodovodne-instalacije-marjan/services.avif,False,Cyrillic patch
REPLACE,20,hash:6c4ea29bfcfb03ec,public/clients/kozmeticni-salon-lila/hero.jpg,local:public/clients/kozmeticni-salon-lila/hero.jpg,11,kozmeticni-salon-lila; qa-kozmeticarji-01-classic-split; qa-kozmeticarji-02-editorial-type; qa-kozmeticarji-03-photo-forward; qa-kozmeticarji-04-stats-trust; qa-kozmeticarji-05-minimal-line; qa-kozmeticarji-06-service-grid; qa-kozmeticarji-07-asymmetric-bold; qa-kozmeticarji-08-dark-pro; qa-kozmeticarji-09-warm-soft; qa-kozmeticarji-10-industrial-plain,USED,SE-Asian head-spa setup; Vietnamese GỪNG label,Replace with EU facial/spa treatment,,Strokovna nega obraza v prijetnem ambientu kozmetičnega salona,/clients/kozmeticni-salon-lila/hero.jpg,False,Vietnamese label; head spa
REPLACE,22,hash:ef30f78dabe1795f,public/clients/keramicarstvo-mubi-igor/services.jpg,local:public/clients/keramicarstvo-mubi-igor/services.jpg,11,keramicarstvo-mubi-igor; qa-keramicarji-01-classic-split; qa-keramicarji-02-editorial-type; qa-keramicarji-03-photo-forward; qa-keramicarji-04-stats-trust; qa-keramicarji-05-minimal-line; qa-keramicarji-06-service-grid; qa-keramicarji-07-asymmetric-bold; qa-keramicarji-08-dark-pro; qa-keramicarji-09-warm-soft; qa-keramicarji-10-industrial-plain,USED,Beauty vanity English skincare for keramičarstvo,Replace with tiling,,Natančno polaganje keramike in prenova kopalnice,/clients/keramicarstvo-mubi-igor/services.jpg,False,English beauty labels
REPLACE,35,pexels:28153670,,https://www.pexels.com/photo/a-young-man-is-working-on-a-car-engine-28153670/,10,9fast-anze-soklic; avtoservis-bojan-zagar; avtoservis-celarc-crt; avtoservis-kepec-bostjan; avtoservis-stefko-stefan; elektromehanika-marko-zupancic; pirnar-stanislav-avtoservis; servis-popravilo-vozil; vzdrzevanje-popravila-motornih-2; zavorni-servis-avtomehanika,USED,Informal outdoor night garage non-EU plate cues,Indoor EU bay,auto mechanic working on car engine,Avtomehanik pri delu v sodobni delavnici,https://k1dgldwcgd9jslu2.public.blob.vercel-storage.com/clients/servis-popravilo-vozil/hero.avif,True,non-EU plate
REPLACE,28,pexels:7451918,,https://www.pexels.com/photo/wet-floor-caution-sign-placed-in-store-7451918/,9,cistilni-servis-kristalcek; cistilni-servis-luco; cistilni-servis-zeljka; cistilnica-pucelj-kamnik; ekea-alma-nuhanovic; hisnik-toni-vzdrzevanje; splosno-ciscenje-stavb; top-cistilni-servis; vzdrzevanje-objektov-mix,USED,English CAUTION + DAIRY/DELI supermarket,Cleaning without English store signs,commercial cleaning team interior,Oprema za globinsko čiščenje in urejen prostor,https://k1dgldwcgd9jslu2.public.blob.vercel-storage.com/clients/top-cistilni-servis/services.avif,False,English retail
REPLACE,35,pexels:9626877,,https://www.pexels.com/photo/a-mechanic-checking-the-engine-of-the-car-9626877/,9,avtocenter-litija-zlato; avtomehanika-koscak-primoz; avtoservis-celarc-crt; avtoservis-handa-eldin; car-repair-shop; mehanika-bodlaj-druzba; mrd-avto-mojca; pirnar-stanislav-avtoservis; servis-vozil-tadej,USED,.FR domain on mechanic uniform,Uniform without foreign domains,auto mechanic working on car engine,Oprema za diagnostiko in popravilo vozil v avtomehanični delavnici,https://k1dgldwcgd9jslu2.public.blob.vercel-storage.com/clients/servis-vozil-tadej/services.avif,True,.FR domain
REPLACE,8,hash:31a9c52ff8409bbd,public/clients/elektro-veber-tone/hero.jpg,local:public/clients/elektro-veber-tone/hero.jpg,7,elektro-veber-tone; elektro-zagar-jan; frizerstvo-erna-tesnjak; gavro-elektro-hisniske; keramicarstvo-zeljko-zeljko; marko-cerekovic; vulkanizerstvo-andrej-kaluza,USED,Barbershop stock on elektro,Replace electrical,,Električar pri delu na elektro omarici,/clients/elektro-veber-tone/hero.jpg,False,CALIFORNIA
REPLACE,35,hash:3915b81a23c3f9ce,public/clients/frizerski-salon-branka/hero.jpg,local:public/clients/frizerski-salon-branka/hero.jpg,6,frizerski-salon-branka; frizerski-salon-edita; frizerski-salon-katja-2; frizerski-salon-mojca-2; frizerski-salon-neva; frizerski-salon-renata,USED,UK Type G wall outlet in salon,Replace with SI/EU Schuko salon,,Notranjost toplega frizerskega salona z naravno svetlobo,/clients/frizerski-salon-mojca-2/hero.jpg,False,UK Type G
REPLACE,22,hash:da9499e132f96eff,public/clients/brivsko-frizerski-salon/services.jpg,local:public/clients/brivsko-frizerski-salon/services.jpg,4,brivsko-frizerski-salon; frizerski-salon-renata-2; frizerstvo-marija-marija; havajana-frizersko-lepotilni,USED,Dutch Bussum/Naarden storefront text,Replace unmarked salon,,Strokovno barvanje las in oblikovanje pričesk v prijetnem ambientu,/clients/havajana-frizersko-lepotilni/services.jpg,False,NL place names
REPLACE,28,pexels:33388390,,https://www.pexels.com/photo/technician-repairing-industrial-equipment-in-workshop-33388390/,4,4mvodovodne-instalacije-matic; aqua-install-milos; lekse-instalacije-vladislav; vodoinstalaterstvo-adi-dervis,USED,Pressure washer in sandals wrong trade/OHS,Boiler/pipe with PPE,professional plumber installing modern heating and plumbing system,Strokovne strojne in vodovodne inštalacije za dom,https://k1dgldwcgd9jslu2.public.blob.vercel-storage.com/clients/lekse-instalacije-vladislav/hero.avif,True,sandals
REPLACE,18,pexels:7220892,,https://www.pexels.com/photo/a-person-holding-brown-doorknob-7220892/,4,napeljava-vodovodnih-centralnih; vodovodar-ljubljana; vodovodne-instalacije-asmir; vodovodne-napeljave-prenove,USED,US round doorknob not plumbing,Pipe/heating install,plumber working on pipes installation,Montaža vodovodnih inštalacij in sanitarne keramike,https://k1dgldwcgd9jslu2.public.blob.vercel-storage.com/clients/vodovodne-instalacije-asmir/services.avif,False,US doorknob
REPLACE,35,hash:284d71d703f510a2,public/clients/frizerski-studio-dejan/hero.jpg,local:public/clients/frizerski-studio-dejan/hero.jpg,3,frizerski-studio-dejan; frizerstvo-plesko-branka; frizerstvo-vesna-vuksinic,USED,Russian Cyrillic wall text,Replace/crop Cyrillic,,Notranjost sodobnega frizerskega studia v toplih toni,/clients/frizerski-studio-dejan/hero.jpg,False,Cyrillic
REPLACE,28,pexels:1029635,,https://www.pexels.com/photo/black-and-yellow-water-filter-system-1029635/,3,3ici-install-vodovodne; vodoinstalaterstvo-adi-dervis; vodvrt-vodovodne-instalacije,USED,Outdoor gas-meter utility not residential plumbing,Indoor pipe/heating install,plumber working on pipes installation,Vodoinštalater pri delu na vodovodni napeljavi,https://k1dgldwcgd9jslu2.public.blob.vercel-storage.com/clients/vodoinstalaterstvo-adi-dervis/hero.avif,False,gas utility
REPLACE,40,hash:72a50d8763236882,public/clients/frizerski-salon-karmen/hero.jpg,local:public/clients/frizerski-salon-karmen/hero.jpg,2,frizerski-salon-karmen; frizerski-salon-simicak,USED,UK Type G outlets,EU-outlet salon,,Topel in prijeten ambient frizerskega salona z naravno svetlobo,/clients/frizerski-salon-simicak/hero.jpg,False,UK Type G
REPLACE,25,hash:8e3f9c621f419fde,public/clients/frizerski-studio-sonce/hero.jpg,local:public/clients/frizerski-studio-sonce/hero.jpg,2,frizerski-studio-sonce; frizerstvo-andreja-frank,USED,Sewing atelier not salon,Salon interior,,Topel in svetel frizerski salon,/clients/frizerstvo-andreja-frank/hero.jpg,False,Juki sewing
REPLACE,18,hash:c254d8db5b5f1c6f,public/clients/elektro-zagar-jan/services.jpg,local:public/clients/elektro-zagar-jan/services.jpg,2,elektro-zagar-jan; wise-electronics,USED,Chaotic outdoor meters; non-EU labels,Replace neat EU metering,,Montaža in pregled elektroopreme ter razdelilnih omaric,/clients/elektro-zagar-jan/services.jpg,False,possible EA labels
REPLACE,20,pexels:10871585,,https://www.pexels.com/photo/electricians-at-work-10871585/,2,elektro-instalacije-kovac; elektroinstalacije-saso-sodja,USED,Indonesian K3 hardhat emblem,EU panel work,electrician working electrical panel,Strokovna izvedba elektroinštalacij v objektu,https://k1dgldwcgd9jslu2.public.blob.vercel-storage.com/clients/elektro-instalacije-kovac/services.avif,True,K3 Indonesia
REPLACE,5,pexels:26605672,,https://www.pexels.com/photo/exterior-of-a-tire-shop-26605672/,2,vulkanizerstvo-jan-dobnikar; vzdrzevanje-vozil-vulkanizerstvo,USED,Houston TX tire shop English/Spanish signs,Unmarked EU vulcanizer,modern tire change and wheel balancing service station,Menjava pnevmatik in vulkanizerske storitve v delavnici,https://k1dgldwcgd9jslu2.public.blob.vercel-storage.com/clients/vzdrzevanje-vozil-vulkanizerstvo/services.avif,True,Houston TX
REPLACE,12,pexels:33314764,,https://www.pexels.com/photo/minimalist-wood-interior-with-cozy-niche-seating-33314764/,2,elektro-instalacije-kovac; elektroinstalacije-tehnicne-gorazd,USED,Lounge banquette not electrician work,Electrical install,professional electrician installing lighting fixture warm interior,Električar pri delu na moderni elektro omari,https://k1dgldwcgd9jslu2.public.blob.vercel-storage.com/clients/elektro-instalacije-kovac/hero.avif,True,lounge
REPLACE,22,pexels:9139593,,https://www.pexels.com/photo/red-ferrari-458-italia-parked-in-garage-9139593/,2,am-janc-avtokleparstvo; don-avtokleparstvo-licarstvo,USED,US performance car show garage,EU hatchback bodywork,professional auto body repair shop dark modern workshop,Sodobna avtokleparska in ličarska delavnica za popravilo vozil,https://k1dgldwcgd9jslu2.public.blob.vercel-storage.com/clients/don-avtokleparstvo-licarstvo/hero.avif,True,Viper; Milwaukee
REPLACE,8,hash:07363e93123cf01d,public/clients/mobilni-vulkanizer-radic/services.jpg,local:public/clients/mobilni-vulkanizer-radic/services.jpg,1,mobilni-vulkanizer-radic,USED,AI trunk composite / picnic not vulcanizer,On-road tire service,,Menjava avtomobilske pnevmatike na terenu ob cesti,/clients/mobilni-vulkanizer-radic/services.jpg,False,AI artifacts
REPLACE,5,hash:24913374f7f594c3,public/clients/servis-industrijske-elektronike/services.jpg,local:public/clients/servis-industrijske-elektronike/services.jpg,1,servis-industrijske-elektronike,USED,Commercial kitchen wrong trade,Electronics bench,,Diagnostika in vzdrževanje industrijskih elektronskih naprav,/clients/servis-industrijske-elektronike/services.jpg,False,kitchen
REPLACE,12,hash:2f95e44528e2d544,public/clients/elektro-kovac/hero.jpg,local:public/clients/elektro-kovac/hero.jpg,1,elektro-kovac,USED,Nightlife lifestyle portrait not elektro,Replace trade hero,,Električar med delom na elektro omari,/clients/elektro-kovac/hero.jpg,False,lifestyle
REPLACE,25,hash:40c45e597422eb61,public/clients/amoris-keramicarstvo-zakljucna/services.jpg,local:public/clients/amoris-keramicarstvo-zakljucna/services.jpg,1,amoris-keramicarstvo-zakljucna,USED,South Asian/ME ornate terrace tiling atypical for SI SME,Central-EU bathroom/kitchen tiling,,Strokovnjak pri natančnem polaganju keramičnih ploščic,/clients/amoris-keramicarstvo-zakljucna/services.jpg,False,floral stone inlays
REPLACE,14,hash:418aa4686f69d77b,public/clients/else-za-elektro/services.jpg,local:public/clients/else-za-elektro/services.jpg,1,else-za-elektro,USED,Outboard motor workshop not elektro,Electrical install,,Orodja in material za elektro inštalacije in servis,/clients/else-za-elektro/services.jpg,False,US marine brands
REPLACE,30,hash:425069b27dc5f23b,public/clients/elektro-poje-dejan/hero.jpg,local:public/clients/elektro-poje-dejan/hero.jpg,1,elektro-poje-dejan,USED,Imperial measurements NA framing,Replace with metric/EU electrical,,Električar med delom na elektro inštalacijah v hiši,/clients/elektro-poje-dejan/hero.jpg,False,imperial inches
REPLACE,25,hash:447c1cdb6783a99d,public/clients/dbf-vulkanizerstvo-hitri/hero.jpg,local:public/clients/dbf-vulkanizerstvo-hitri/hero.jpg,1,dbf-vulkanizerstvo-hitri,USED,Tuner meet not vulcanizing; ZG plate,Replace with tire service,,Notranjost avtomehanične delavnice z orodjem in avtomobilom,/clients/dbf-vulkanizerstvo-hitri/hero.jpg,False,Zagreb plate
REPLACE,10,hash:5dea952118321630,public/clients/lepotni-studio-dama/services.jpg,local:public/clients/lepotni-studio-dama/services.jpg,1,lepotni-studio-dama,USED,Forest landscape no beauty,Treatment/salon,,Kozmetične storitve in urejanje v mirnem ambientu salona,/clients/lepotni-studio-dama/services.jpg,False,nature
REPLACE,12,hash:80be6e5472d750ac,public/clients/gavro-elektro-hisniske/services.jpg,local:public/clients/gavro-elektro-hisniske/services.jpg,1,gavro-elektro-hisniske,USED,Metal hinge not electrical,Household electrical,,Orodje za hišna popravila in vzdrževanje,/clients/gavro-elektro-hisniske/services.jpg,False,none
REPLACE,12,hash:81b7772e7755926f,public/clients/popravilo-elektrotehnicnih-strojev/hero.jpg,local:public/clients/popravilo-elektrotehnicnih-strojev/hero.jpg,1,popravilo-elektrotehnicnih-strojev,USED,Lifestyle portrait no repair cues,Machine repair workshop,,Serviser popravlja gospodinjski aparat na domu stranke,/clients/popravilo-elektrotehnicnih-strojev/hero.jpg,False,none
REPLACE,28,hash:8859e8a75b7064ec,public/clients/popravilo-elektrotehnicnih-strojev/services.jpg,local:public/clients/popravilo-elektrotehnicnih-strojev/services.jpg,1,popravilo-elektrotehnicnih-strojev,USED,Metaphorical wrenches BHARAT/imperial,Real electromechanical repair,,Orodja in rezervni deli za servis bele tehnike,/clients/popravilo-elektrotehnicnih-strojev/services.jpg,False,BHARAT; imperial
REPLACE,15,hash:9c400fab8b4b023c,public/clients/keramicarstvo-ales-kucic/services.jpg,local:public/clients/keramicarstvo-ales-kucic/services.jpg,1,keramicarstvo-ales-kucic,USED,Welding/metalwork not tiling,Swap for tiling install,,Natančno polaganje talnih ploščic in zaključna dela,/clients/keramicarstvo-ales-kucic/services.jpg,False,welding
REPLACE,22,hash:b396ba6b69981984,public/clients/frizerski-studio-soul/hero.jpg,local:public/clients/frizerski-studio-soul/hero.jpg,1,frizerski-studio-soul,USED,CGI armchair tropical plants not salon,Salon station,,Sodoben in svetel frizerski salon,/clients/frizerski-studio-soul/hero.jpg,False,tropical CGI
REPLACE,10,hash:b9c5db74d1cb607e,public/clients/elmont-elektroservis-peter/hero.jpg,local:public/clients/elmont-elektroservis-peter/hero.jpg,1,elmont-elektroservis-peter,USED,Caving scene zero elektro,Panel/wiring,,Električar med delom na električni omarici,/clients/elmont-elektroservis-peter/hero.jpg,False,speleology
REPLACE,22,hash:cd3bc9856376ff15,public/clients/frizerstvo-suzana-suzana/services.jpg,local:public/clients/frizerstvo-suzana-suzana/services.jpg,1,frizerstvo-suzana-suzana,USED,Informal cluttered shop with security gate,Replace with tidy salon,,Strokovne frizerske storitve in barvanje las,/clients/frizerstvo-suzana-suzana/services.jpg,False,security gate
REPLACE,20,hash:e26fd1f51fd0808b,public/clients/elmont-elektroservis-peter/services.jpg,local:public/clients/elmont-elektroservis-peter/services.jpg,1,elmont-elektroservis-peter,USED,Tangled cables unprofessional,Clean electrical work,,Strokovne elektroinštalacije in orodje,/clients/elmont-elektroservis-peter/services.jpg,False,messy wiring
REPLACE,30,hash:e31028865f0af9e5,public/clients/umivalniki-dreams-obdelava/services.jpg,local:public/clients/umivalniki-dreams-obdelava/services.jpg,1,umivalniki-dreams-obdelava,USED,Pottery workshop not sink fabrication,Sink machining/install,,Natančno polaganje keramike in obdelava ploščic,/clients/umivalniki-dreams-obdelava/services.jpg,False,pottery
REPLACE,18,hash:f59f973255b4f310,public/clients/elektrotehnika-puntar-slavko/services.jpg,local:public/clients/elektrotehnika-puntar-slavko/services.jpg,1,elektrotehnika-puntar-slavko,USED,Air hose not electrical,Panels/wiring,,Elektroinštalacije in oprema za dom in podjetje,/clients/elektrotehnika-puntar-slavko/services.jpg,False,pneumatic
REPLACE,18,hash:f8dbc96ab16496d5,public/clients/mobilni-vulkanizer-radic/hero.jpg,local:public/clients/mobilni-vulkanizer-radic/hero.jpg,1,mobilni-vulkanizer-radic,USED,NA double yellow road lines; no tire service,SI roadside tire service,,Mobilni vulkanizer nudi pomoč na cesti v meglenem jutru,/clients/mobilni-vulkanizer-radic/hero.jpg,False,NA yellow lines
REPLACE,25,pexels:18110372,,https://www.pexels.com/photo/construction-workers-on-a-street-18110372/,0,(UNUSED — pool/cache only),UNUSED/CACHED,UNUSED pool: East Asian striped construction tarp,Do not use SI construction,construction workers building site professional,,https://k1dgldwcgd9jslu2.public.blob.vercel-storage.com/stock/pexels/18110372.avif,True,EA tarp
REPLACE,15,pexels:38749872,,https://www.pexels.com/photo/construction-workers-roofing-under-clear-blue-sky-38749872/,0,(UNUSED — pool/cache only),UNUSED/CACHED,UNUSED pool: Cyrillic shirt + flip-flops on roof,Do not use,construction workers building site professional,,https://k1dgldwcgd9jslu2.public.blob.vercel-storage.com/stock/pexels/38749872.avif,True,Cyrillic; flip-flops
REVIEW,62,pexels:8985712,,https://www.pexels.com/photo/car-engine-in-front-of-a-mechanic-8985712/,20,avtocenter-elite; avtomehanika-bambic-gorazd; avtomehanika-mo-servis; avtoservis-koren; avtoservis-lukse-tomaz; avtoservis-m-x; avtoservis-virant-miran; fico-servis; qa-avtomehaniki-01-classic-split; qa-avtomehaniki-02-editorial-type; qa-avtomehaniki-03-photo-forward; qa-avtomehaniki-04-stats-trust …,USED,Strong workshop scene but background poster appears Cyrillic,Crop poster or replace,auto mechanic working on car engine,Diagnostika vozil v avtoservisu,https://k1dgldwcgd9jslu2.public.blob.vercel-storage.com/clients/avtomehanika-bambic-gorazd/services.avif,True,possible Cyrillic poster
REVIEW,58,pexels:4374743,,https://www.pexels.com/photo/scenery-of-pure-turquoise-seawater-4374743/,16,amalet-studio; cistilni-servis-zangor; dani-dotik-danjela; masaze-meta-hozjan; oaza-sonca-poslovno; qa-cistilni-servisi-01-classic-split; qa-cistilni-servisi-02-editorial-type; qa-cistilni-servisi-03-photo-forward; qa-cistilni-servisi-04-stats-trust; qa-cistilni-servisi-05-minimal-line; qa-cistilni-servisi-06-service-grid; qa-cistilni-servisi-07-asymmetric-bold …,USED,Abstract ocean foam weak trade visual,Atmosphere only or replace,deep cleaning service sparkling clean modern living room ocean teal,Globinsko in generalno čiščenje čistega doma,https://k1dgldwcgd9jslu2.public.blob.vercel-storage.com/clients/cistilni-servis-zangor/services.avif,True,ocean
REVIEW,74,pexels:37809549,,https://www.pexels.com/photo/precision-dent-repair-in-automotive-workshop-37809549/,15,avtokleparstvo-avtolicarstvo-stanislav; avtokleparstvo-zalaznik-andrej; avtolicarstvo-drago-iskra; avtolicarstvo-igor-kersic; avtolicarstvo-mm-avtolicarske; qa-avtokleparji-licarji-01-classic-split; qa-avtokleparji-licarji-02-editorial-type; qa-avtokleparji-licarji-03-photo-forward; qa-avtokleparji-licarji-04-stats-trust; qa-avtokleparji-licarji-05-minimal-line; qa-avtokleparji-licarji-06-service-grid; qa-avtokleparji-licarji-07-asymmetric-bold …,USED,PDR strong but branded cap,Crop branding,car dent repair bodywork garage,Avtokleparska delavnica z opremo za popravilo vozil v Logatcu,https://k1dgldwcgd9jslu2.public.blob.vercel-storage.com/clients/avtokleparstvo-avtolicarstvo-stanislav/hero.avif,True,branded cap
REVIEW,46,hash:ee3cc120088b931d,public/clients/frizerski-salon-ivan/hero.jpg,local:public/clients/frizerski-salon-ivan/hero.jpg,13,frizerski-salon-ivan; frizerski-salon-larisa; frizerski-salon-manis; frizerski-salon-masa; frizerski-salon-matea; frizerski-salon-monika; frizerski-salon-nada; frizerski-studio-simona; frizerstvo-suzana-suzana; frizerstvo-tamara-kaluza; frizerstvo-tina-frizerske; milimeter-frizerski-salon …,USED,EXIT + palm,Replace,,Topel in svetel frizerski salon v Ilirski Bistrici,/clients/frizerstvo-suzana-suzana/hero.jpg,False,EXIT; palm
REVIEW,38,pexels:1694980,,https://www.pexels.com/photo/blue-and-orange-concrete-wall-1694980/,11,qa-slikopleskarji-01-classic-split; qa-slikopleskarji-02-editorial-type; qa-slikopleskarji-03-photo-forward; qa-slikopleskarji-04-stats-trust; qa-slikopleskarji-05-minimal-line; qa-slikopleskarji-06-service-grid; qa-slikopleskarji-07-asymmetric-bold; qa-slikopleskarji-08-dark-pro; qa-slikopleskarji-09-warm-soft; qa-slikopleskarji-10-industrial-plain; slikopleskarstvo-nagelj-srecko,USED,Abstract cracked wall texture weak trade,Decorative only,painter painting wall surface closeup warm mood,Strokovno nanašanje barve na steno z valjčkom,https://k1dgldwcgd9jslu2.public.blob.vercel-storage.com/clients/slikopleskarstvo-nagelj-srecko/services.avif,True,texture
REVIEW,55,pexels:30499654,,https://www.pexels.com/photo/rustic-workshop-interior-with-artistic-tools-30499654/,11,mizarstvo-podkriznik-matjaz; qa-mizarji-tesarji-01-classic-split; qa-mizarji-tesarji-02-editorial-type; qa-mizarji-tesarji-03-photo-forward; qa-mizarji-tesarji-04-stats-trust; qa-mizarji-tesarji-05-minimal-line; qa-mizarji-tesarji-06-service-grid; qa-mizarji-tesarji-07-asymmetric-bold; qa-mizarji-tesarji-08-dark-pro; qa-mizarji-tesarji-09-warm-soft; qa-mizarji-tesarji-10-industrial-plain,USED,Dark cluttered historic workshop,Brighter workshop,wooden interior design craftsmanship custom furniture workshop dark,Izdelava unikatnih lesenih izdelkov in notranje opreme,https://k1dgldwcgd9jslu2.public.blob.vercel-storage.com/clients/mizarstvo-podkriznik-matjaz/services.avif,True,heritage
REVIEW,62,pexels:35546238,,https://www.pexels.com/photo/serene-spa-massage-bed-with-minimalist-decor-35546238/,10,jaa-refleksna-masaza; kineziotaping-bandaze-masaze; lotos-spa; masaza-salut-lubomir; master-class-tecaji; painting-roller-sebastjan; ritual-studio-iris; sana-massage; sinergija-masazna-terapija; v-dobrih-rokah,USED,Spa bed with third-party logo,Crop logo,massage therapy spa wellness room,Kineziotaping in storitve telesne nege,https://k1dgldwcgd9jslu2.public.blob.vercel-storage.com/clients/kineziotaping-bandaze-masaze/services.avif,True,embroidered logo
REVIEW,74,pexels:20381389,,https://www.pexels.com/photo/woman-cleaning-a-window-20381389/,9,cistilni-servis-kristalcek; cistilni-servis-luco; cistilni-servis-urga; cistilni-servis-zeljka; gaga-cistilni-servis; h-m-cistilni; nadka-cistilni-servis; natancna-cistilni-servis; serif-ciscenje-miran,USED,English CAUTION wet-floor sign,Crop sign,professional office cleaning service worker,Globinsko čiščenje in urejanje steklenih površin,https://k1dgldwcgd9jslu2.public.blob.vercel-storage.com/clients/cistilni-servis-kristalcek/services.avif,False,English CAUTION
REVIEW,68,pexels:6196684,,https://www.pexels.com/photo/a-woman-in-orange-jumper-holding-a-vacuum-hose-6196684/,9,ciscenje; ciscenje-objektov-gabriela; cistilni-servis-sasa; cistilni-servis-soncek; globinsko-ciscenje-domzale; gregor-kiseljak-adaptacije; iona-cistilni-servis; mlmciscenje-marica-micic; splosno-ciscenje-stavb-3,USED,Staged red overalls stock campaign,Prefer candid action,commercial cleaning team interior,Globinsko čiščenje notranjosti avtomobila,https://k1dgldwcgd9jslu2.public.blob.vercel-storage.com/clients/globinsko-ciscenje-domzale/services.avif,False,posed stock
REVIEW,65,pexels:6196694,,https://www.pexels.com/photo/photo-of-a-woman-using-a-vacuum-cleaner-6196694/,9,briljant-lesk-cistilni; ciscenje; ciscenje-objektov-gabriela; cistilni-servis-sasa; globinsko-ciscenje-domzale; gregor-kiseljak-adaptacije; mika-ciscenje-vzdrzevanje; mlmciscenje-marica-micic; splosno-ciscenje-stavb-3,USED,Staged red overalls portrait,Working-in-context,professional office cleaning service worker,Strokovno globinsko čiščenje sedežne garniture v svetlem prostoru,https://k1dgldwcgd9jslu2.public.blob.vercel-storage.com/clients/globinsko-ciscenje-domzale/hero.avif,False,posed stock
REVIEW,70,pexels:6197114,,https://www.pexels.com/photo/woman-wearing-a-jumper-cleaning-a-glass-window-6197114/,9,activ-cleaning-fuad; ciscenje-vzdrzevanje-stavb; cistilni-servis-alnis; cistilni-servis-dobra; cistilni-servis-notranje; mika-ciscenje-vzdrzevanje; prazarna-kave-ciscenje; vzdrzevanje-objektov-ciscenje; zmajcek-globinsko-ciscenje,USED,B&W glass cleaning editorial,Prefer color,professional office cleaning service worker,Brezhibno čisto in urejeno stanovanje,https://k1dgldwcgd9jslu2.public.blob.vercel-storage.com/clients/activ-cleaning-fuad/services.avif,False,B&W
REVIEW,72,pexels:8985924,,https://www.pexels.com/photo/a-mechanic-checking-on-a-car-8985924/,9,9fast-anze-soklic; avtomehanika-klemen-peklaj; avtoservis-lukse-tomaz; car-repair-shop; iztok-piciga; vzdrzevanje-popravila-motornih; vzdrzevanje-popravilo-motornih; vzdrzevanje-vozil-vulkanizerstvo; walter-mobile-avtoservis,USED,Mechanic B&W limits color brands,Prefer color,professional auto repair shop mechanic working on car engine,Avtomehanik pri delu v sodobni delavnici v Ljubljani,https://k1dgldwcgd9jslu2.public.blob.vercel-storage.com/clients/iztok-piciga/hero.avif,True,B&W
REVIEW,58,pexels:9245158,,https://www.pexels.com/photo/man-in-orange-button-up-shirt-wearing-white-mask-9245158/,9,bm-cistilni-servis; ciscenje-brusenje-poliranje; cistilni-servis-fata; hisniske-ciscenje-edis; jasna-popovic-ciscenje; maf-perfection-cleaning; senikor-ciscenje; top-cistilni-servis; ziki-ciscenje-zikret,USED,Disinfection sprayer not routine cleaning,Use only disinfection pages,professional office cleaning service worker,Sodobna in svetla pisarna po strokovnem čiščenju,https://k1dgldwcgd9jslu2.public.blob.vercel-storage.com/clients/top-cistilni-servis/hero.avif,False,respirator
REVIEW,58,pexels:32178008,,https://www.pexels.com/photo/modern-minimalist-living-room-interior-design-32178008/,6,cistilni-servis-val; energija-vzhoda-masazni; kozmeticni-masazni-studio; masaza-salut-lubomir; masaze-meta-hozjan; masazni-salon-zarja,USED,CGI apartment megacity skyline non-SI,SI-plausible interior,deep cleaning service sparkling clean apartment interior green accents,Globinsko čiščenje in urejeni prostori v Postojni,https://k1dgldwcgd9jslu2.public.blob.vercel-storage.com/clients/cistilni-servis-val/services.avif,True,megacity CGI
REVIEW,48,pexels:8470881,,https://www.pexels.com/photo/man-repairing-broken-car-8470881/,5,avtokleparstvo-bogdan-dolenc; avtolicarstvo-druge-igor; avtolicarstvo-mm-avtolicarske; avtolicarstvo-persin-vzdrzevanje; resos-avtovleka-avtokleparstvo,USED,Non-EU plate format in body shop,Crop plate,auto body shop car painting professional,Notranjost avtoličarske delavnice z vozilom,https://k1dgldwcgd9jslu2.public.blob.vercel-storage.com/clients/avtolicarstvo-druge-igor/hero.avif,True,non-EU plate
REVIEW,76,pexels:30250199,,https://www.pexels.com/photo/professional-auto-body-spray-painting-workshop-30250199/,4,alboni-avtokleparstvo-borut; avtokleparstvo-igor-oblak; avtokleparstvo-vinsek-ales; kraljic-janez-avtokleparstvo,USED,Spray-booth paintwork with Tyvek logo,Crop logo or unbranded PPE,auto body shop car painting professional,Notranjost avtokleparske delavnice z opremo za popravilo vozil,https://k1dgldwcgd9jslu2.public.blob.vercel-storage.com/clients/alboni-avtokleparstvo-borut/hero.avif,True,Tyvek logo
REVIEW,72,pexels:37809581,,https://www.pexels.com/photo/professional-car-detailing-in-garage-37809581/,4,avtokleparstvo-vzdrzevanje-vozil; avtolicarstvo-avtokleparstvo; avtolicarstvo-drago-iskra; avtolicarstvo-igor-kersic,USED,Polishing in athletic shorts/sneakers hobbyist look,Prefer coveralls,auto body shop car painting professional,Mehankar pri delu na popravilu karoserije vozila,https://k1dgldwcgd9jslu2.public.blob.vercel-storage.com/clients/avtokleparstvo-vzdrzevanje-vozil/services.avif,True,casual attire
REVIEW,48,pexels:8488035,,https://www.pexels.com/photo/metal-pipes-on-wall-8488035/,4,alvod-vodovod-ogrevanje; peteks-vodovodne-instalacije; vodovodne-napeljave-prenove; vodvrt-vodovodne-instalacije,USED,Messy unfinished ABS drain; weak marketing,Prefer clean EU pipe install,plumber working on pipes installation,Nova sanirana kopalnica in vodovodne inštalacije,https://k1dgldwcgd9jslu2.public.blob.vercel-storage.com/clients/peteks-vodovodne-instalacije/services.avif,False,rough ABS
REVIEW,58,hash:30b9377356f06073,public/clients/keramicarska-zakljucna-dela/services.jpg,local:public/clients/keramicarska-zakljucna-dela/services.jpg,3,keramicarska-zakljucna-dela; keramicarstvo-asmir-bajramovic; keramicarstvo-berlec,USED,NA Type-B outlets in bathroom,Crop outlets or replace,,Natančno polaganje keramičnih ploščic in zaključna dela,/clients/keramicarstvo-asmir-bajramovic/services.jpg,False,NA Type-B
REVIEW,55,hash:4b05466be788b282,public/clients/keramicarstvo-miha-seme/hero.jpg,local:public/clients/keramicarstvo-miha-seme/hero.jpg,3,keramicarstvo-miha-seme; klb-keramicarstvo-liman; pecarstvo-keramicarstvo-anton,USED,Roofing tiles not wall/floor keramičarstvo,Bathroom/floor tiling,,Polaganje keramike in strokovna izvedba del v svetlem prostoru,/clients/pecarstvo-keramicarstvo-anton/hero.jpg,False,roof tiles
REVIEW,44,pexels:12142829,,https://www.pexels.com/photo/plastic-pipes-on-wall-12142829/,3,alvod-vodovod-ogrevanje; aqua-install-milos; vodovodne-elektro-instalacije,USED,Rough exterior PVC poor hero quality,Before-state only or replace,plumber working on pipes installation,Električne inštalacije in strokovna montaža v sodobnem domu,https://k1dgldwcgd9jslu2.public.blob.vercel-storage.com/clients/vodovodne-elektro-instalacije/hero.avif,False,rough PVC
REVIEW,68,pexels:24653480,,https://www.pexels.com/photo/beautician-holding-nail-polish-24653480/,3,medicinska-pedikura-pancur; nails-by-me; pedikura-spela-zajc,USED,Product drip with LMI bottle branding,Crop logo,professional manicure and nail art close up,Strokovna nega stopal v prijetnem ambientu salona,https://k1dgldwcgd9jslu2.public.blob.vercel-storage.com/clients/pedikura-spela-zajc/hero.avif,True,LMI brand
REVIEW,48,pexels:5463582,,https://www.pexels.com/photo/technician-fixing-an-aircon-5463582/,3,vodovodne-elektro-instalacije; vodovodne-instalacije-montaza; vodovodne-plinske-prezracevalne,USED,Outdoor AC not pure heating,Boiler-centric if needed,heating system maintenance professional,Vodovodni in inštalaterski mojster pri delu,https://k1dgldwcgd9jslu2.public.blob.vercel-storage.com/clients/vodovodne-plinske-prezracevalne/hero.avif,False,AC condenser
REVIEW,42,pexels:6560297,,https://www.pexels.com/photo/a-person-massaging-a-topless-woman-lying-on-massage-table-6560297/,3,modus-vivendi-masaze; tajska-masaza-siriyupha; vitana-sasa-memon,USED,English BODY & SPA towel,Crop towel text,massage therapy spa wellness room,Aromaterapija in pripomočki za nego telesa,https://k1dgldwcgd9jslu2.public.blob.vercel-storage.com/clients/vitana-sasa-memon/services.avif,False,English towel
REVIEW,48,hash:103769a408860768,public/clients/elektro-ivan-troha/services.jpg,local:public/clients/elektro-ivan-troha/services.jpg,2,elektro-ivan-troha; elektroinstalacije-slavko-praznik,USED,Generic DIY tools,Prefer electrical kit,,Orodje in kabli za elektroinštalacije,/clients/elektro-ivan-troha/services.jpg,False,IKEA hammer
REVIEW,60,hash:5ab17493d6c7d986,public/clients/keramicarstvo-ani-anel/hero.jpg,local:public/clients/keramicarstvo-ani-anel/hero.jpg,2,keramicarstvo-ani-anel; polaganje-keramike-ostala,USED,Abstract tile light/shadow,Clearer finished room,,Polaganje keramike in gradbena dela v Postojni,/clients/polaganje-keramike-ostala/hero.jpg,False,none
REVIEW,65,hash:648dbe448c0d9e00,public/clients/frizerski-salon-andreja/hero.jpg,local:public/clients/frizerski-salon-andreja/hero.jpg,2,frizerski-salon-andreja; frizerski-salon-glamur,USED,Dior magazine prop stocky,Prefer salon work,,Topel in svetel frizerski salon v Postojni z udobnim ambientom,/clients/frizerski-salon-andreja/hero.jpg,False,Dior
REVIEW,70,hash:fd76b93f17688c92,public/clients/frisalon-frizerski-studio/services.jpg,local:public/clients/frisalon-frizerski-studio/services.jpg,2,frisalon-frizerski-studio; frizerski-studio-luka,USED,Makeup more than hairdressing,Cut/color shot,,Profesionalno striženje in urejanje las v frizerskem salonu,/clients/frizerski-studio-luka/services.jpg,False,beauty studio
REVIEW,55,pexels:28704177,,https://www.pexels.com/photo/skilled-cobbler-repairing-shoe-in-workshop-28704177/,2,cevljarstvo-izdelava-kljucev; vinko-cizerle,USED,Turkish tulip tea glass in cobbler shop,Crop tea glass,traditional shoe repair workshop dark moody warm lighting,Tradicionalna čevljarska delavnica v Postojni,https://k1dgldwcgd9jslu2.public.blob.vercel-storage.com/clients/cevljarstvo-izdelava-kljucev/hero.avif,True,Turkish tea
REVIEW,62,pexels:34286675,,https://www.pexels.com/photo/black-and-white-locksmith-working-in-istanbul-34286675/,2,avto-kljuci-kodirani; svedra,USED,Locksmith with English DoorAlex pack,Crop foreign packs,professional locksmith cutting keys dark workshop warm ambient light,Profesionalna izdelava ključev v delavnici,https://k1dgldwcgd9jslu2.public.blob.vercel-storage.com/clients/svedra/hero.avif,True,DoorAlex
REVIEW,58,pexels:37229315,,https://www.pexels.com/photo/relaxing-spa-facial-with-cucumber-slices-37229315/,2,kozmeticni-salon-talija; kozmetika-mojca-pevec,USED,Cucumber spa cliché dated,Contemporary facial,cosmetic facial treatment spa salon,Sproščujoč notranji prostor kozmetičnega salona z naravno svetlobo,https://k1dgldwcgd9jslu2.public.blob.vercel-storage.com/clients/kozmeticni-salon-talija/hero.avif,True,cucumber spa
REVIEW,55,hash:0fafd5d302ef5309,public/clients/servis-industrijske-elektronike/hero.jpg,local:public/clients/servis-industrijske-elektronike/hero.jpg,1,servis-industrijske-elektronike,USED,Phone PCB weak for industrial electronics,Industrial boards,,Tehnik med popravilom industrijske elektronike v delavnici,/clients/servis-industrijske-elektronike/hero.jpg,False,phone repair
REVIEW,72,hash:12ec17d8bb458841,public/clients/zbrendiraj-si/owner.jpg,local:public/clients/zbrendiraj-si/owner.jpg,1,zbrendiraj-si,USED,Generic corporate high-five stock,Prefer real owner photo,,Lastnik majhnega podjetja v svojem delovnem okolju,/clients/zbrendiraj-si/owner.jpg,False,office stock
REVIEW,58,hash:138108c5570e8791,public/clients/bb-elektro-instalacije/services.jpg,local:public/clients/bb-elektro-instalacije/services.jpg,1,bb-elektro-instalacije,USED,Abstract industrial toggle; poor residential elektro storytelling,Use consumer unit/Schuko,,Orodje in elektro oprema za instalacije,/clients/bb-elektro-instalacije/services.jpg,False,industrial switch
REVIEW,50,hash:15bee4d04b501bf6,public/clients/dbf-vulkanizerstvo-hitri/services.jpg,local:public/clients/dbf-vulkanizerstvo-hitri/services.jpg,1,dbf-vulkanizerstvo-hitri,USED,km/h gauge abstract; weak tire signal,Prefer tires/rims,,Menjava in centriranje pnevmatik v vulkanizerski delavnici,/clients/dbf-vulkanizerstvo-hitri/services.jpg,False,metric gauge
REVIEW,42,hash:3a90587fc9a801e1,public/clients/elektro-poje-dejan/services.jpg,local:public/clients/elektro-poje-dejan/services.jpg,1,elektro-poje-dejan,USED,Generic tools; weak elektro,Swap for sockets/panel,,Popravilo in vzdrževanje električnih sistemov,/clients/elektro-poje-dejan/services.jpg,False,none
REVIEW,48,hash:44db1c8fd48cc51d,public/clients/frizerski-salon-monika/services.jpg,local:public/clients/frizerski-salon-monika/services.jpg,1,frizerski-salon-monika,USED,US Vagaro POS + Christmas,Year-round EU desk,,"Strokovno striženje, barvanje in nega las v prijetnem salonu",/clients/frizerski-salon-monika/services.jpg,False,Vagaro
REVIEW,32,hash:6760420c568c66ff,public/clients/lepotni-studio-diamond/services.jpg,local:public/clients/lepotni-studio-diamond/services.jpg,1,lepotni-studio-diamond,USED,Russian Vogue Cyrillic cover,Crop magazine,,Sproščujoč hair spa in tretmaji obraza v prijetnem ambientu,/clients/lepotni-studio-diamond/services.jpg,False,Cyrillic Vogue
REVIEW,42,hash:6c68f3684b34cbfb,public/clients/else-za-elektro/hero.jpg,local:public/clients/else-za-elektro/hero.jpg,1,else-za-elektro,USED,Abstract lighting ceiling weak elektro,Prefer switchboards,,Električar pri izvedbi elektro inštalacij v objektu,/clients/else-za-elektro/hero.jpg,False,industrial chic
REVIEW,42,hash:72b6e250a43fc975,public/clients/elektro-veber-tone/services.jpg,local:public/clients/elektro-veber-tone/services.jpg,1,elektro-veber-tone,USED,Lifestyle interior weak elektro,Prefer install detail,,Montaža in vzdrževanje elektroinštalacij,/clients/elektro-veber-tone/services.jpg,False,suburban interior
REVIEW,55,hash:a04f76da92da8746,public/clients/bb-elektro-instalacije/hero.jpg,local:public/clients/bb-elektro-instalacije/hero.jpg,1,bb-elektro-instalacije,USED,Artistic fluorescent metaphor; weak elektro usefulness,Prefer wiring/panel shot,,Električar med delom na električni napeljavi v temnem ambientu,/clients/bb-elektro-instalacije/hero.jpg,False,fluorescent tube
REVIEW,72,hash:a0ac98cae76207e6,public/clients/studio-surya-del/services.jpg,local:public/clients/studio-surya-del/services.jpg,1,studio-surya-del,USED,English FACE CREAM prop,Prefer treatment room,,Kozmetične storitve in nega kože v prijetnem ambientu,/clients/studio-surya-del/services.jpg,False,English label
REVIEW,68,hash:af211a6403558555,public/clients/keram-zlatko-mavrin/services.jpg,local:public/clients/keram-zlatko-mavrin/services.jpg,1,keram-zlatko-mavrin,USED,Made in Australia soap label,Crop label,,Kakovostno položene ploščice v prenovljenem prostoru,/clients/keram-zlatko-mavrin/services.jpg,False,Australia label
REVIEW,40,hash:b778c8f0c17b4b61,public/clients/frizerski-studio-kreativa/services.jpg,local:public/clients/frizerski-studio-kreativa/services.jpg,1,frizerski-studio-kreativa,USED,Cajón portrait weak salon,Hair work,,Strokovno barvanje in oblikovanje las v salonu,/clients/frizerski-studio-kreativa/services.jpg,False,cajón
REVIEW,52,hash:c370b163f424b722,public/clients/elca-servisno-proizvodno/services.jpg,local:public/clients/elca-servisno-proizvodno/services.jpg,1,elca-servisno-proizvodno,USED,Cluttered electronics bench B&W,Prefer cleaner workshop,,Oprema in orodje za elektroinštalacije v urejeni delavnici,/clients/elca-servisno-proizvodno/services.jpg,False,clutter
REVIEW,62,hash:dde9566dcabd8472,public/clients/frizerski-salon-glamur/hero.jpg,local:public/clients/frizerski-salon-glamur/hero.jpg,1,frizerski-salon-glamur,USED,English Hello Gorgeous neon,Crop/replace neon,,Sodoben in svetel frizerski salon z vabljivim ambientom,/clients/frizerski-salon-glamur/hero.jpg,False,English neon
REVIEW,58,hash:f209130653a92fc3,public/clients/zlatko-gojic-polaganje/services.jpg,local:public/clients/zlatko-gojic-polaganje/services.jpg,1,zlatko-gojic-polaganje,USED,Flat stone steps weak showcase,Clearer tile project,,Natančna obdelava stopnic in polaganje granita,/clients/zlatko-gojic-polaganje/services.jpg,False,none
REVIEW,50,hash:f26e7951da0e4e7a,public/clients/keramicarstvo-mohorcic-borut/services.jpg,local:public/clients/keramicarstvo-mohorcic-borut/services.jpg,1,keramicarstvo-mohorcic-borut,USED,Dated retro bathroom,Contemporary tiling,,Moderna prenovljena kopalnica z položenimi keramičnimi ploščicami,/clients/keramicarstvo-mohorcic-borut/services.jpg,False,retro
REVIEW,58,hash:f70c8cc46c1b1cd6,public/clients/vulkanizerstvo-mitja-kocevar/services.jpg,local:public/clients/vulkanizerstvo-mitja-kocevar/services.jpg,1,vulkanizerstvo-mitja-kocevar,USED,Detailing wrap more than tires,Tire equipment,,Premontaža in centriranje pnevmatik,/clients/vulkanizerstvo-mitja-kocevar/services.jpg,False,detailing
REVIEW,45,pexels:17866923,,https://www.pexels.com/photo/blue-mosaic-floor-and-walls-of-a-building-17866923/,0,(UNUSED — pool/cache only),UNUSED/CACHED,UNUSED pool: Iberian blue mosaic weak for SI tile demos,Do not promote to demos,tile installer laying ceramic floor,,https://k1dgldwcgd9jslu2.public.blob.vercel-storage.com/stock/pexels/17866923.avif,True,Trencadís mosaic
REVIEW,50,pexels:34670929,,https://www.pexels.com/photo/construction-workers-in-safety-gear-on-site-34670929/,0,(UNUSED — pool/cache only),UNUSED/CACHED,UNUSED pool: AKYAR logo on hi-vis,Avoid or crop logo,construction workers building site professional,,https://k1dgldwcgd9jslu2.public.blob.vercel-storage.com/stock/pexels/34670929.avif,True,AKYAR
UNKNOWN,,pexels:994164,,https://www.pexels.com/photo/person-holding-paint-roller-while-painting-the-wall-994164/,3,juma-gradbenistvo; pleskarstvo-tomaz-cimperman; slikopleskarstvo-dejan-mavsar,USED,Visual inspection not completed in this audit pass,Manual visual review required,painting tools roller paint can neutral interior wall,Slikopleskarsko orodje in oprema za beljenje sten,https://k1dgldwcgd9jslu2.public.blob.vercel-storage.com/clients/slikopleskarstvo-dejan-mavsar/services.avif,True,
UNKNOWN,,pexels:16551819,,https://www.pexels.com/photo/plywood-furniture-in-kitchen-16551819/,2,mizarstvo-abram-marko; mizarstvo-joze-zupancic,USED,Visual inspection not completed in this audit pass,Manual visual review required,custom wooden kitchen modern interior warm light,Leseno pohištvo in kuhinja po meri v svetli notranjosti,https://k1dgldwcgd9jslu2.public.blob.vercel-storage.com/clients/mizarstvo-joze-zupancic/hero.avif,True,
UNKNOWN,,pexels:20345064,,https://www.pexels.com/photo/man-giving-woman-keys-20345064/,2,avto-kljuci-kodirani; svedra,USED,Visual inspection not completed in this audit pass,Manual visual review required,locksmith hand duplicating metal keys close up dark moody,Kopiranje in izdelava ključev,https://k1dgldwcgd9jslu2.public.blob.vercel-storage.com/clients/svedra/services.avif,True,
UNKNOWN,,pexels:21812143,,https://www.pexels.com/photo/electrician-working-with-cables-21812143/,2,elkan-elektroinstalacije-ljubisa; strela-elektroinstalaterstvo-stane,USED,Visual inspection not completed in this audit pass,Manual visual review required,electrician working electrical panel,Strokovne elektroinštalacije in pregled električne omarice,https://k1dgldwcgd9jslu2.public.blob.vercel-storage.com/clients/elkan-elektroinstalacije-ljubisa/services.avif,True,
UNKNOWN,,pexels:26447047,,https://www.pexels.com/photo/black-and-white-photo-of-a-chair-standing-by-the-wall-26447047/,2,adrijana-srebot; frizerski-salon-luna,USED,Visual inspection not completed in this audit pass,Manual visual review required,professional hair styling and coloring salon interior,Strokovno barvanje las in stilsko oblikovanje pričesk v salonu,/clients/adrijana-srebot/services.avif,True,
UNKNOWN,,pexels:27155225,,https://www.pexels.com/photo/senior-man-sitting-by-table-with-tools-27155225/,2,mizarstvo-abram; mizarstvo-abram-marko,USED,Visual inspection not completed in this audit pass,Manual visual review required,carpenter workshop craft wood details dark moody lighting,Mizarska delavnica in izdelava pohištva,https://k1dgldwcgd9jslu2.public.blob.vercel-storage.com/clients/mizarstvo-abram/services.avif,True,
UNKNOWN,,pexels:32115287,,https://www.pexels.com/photo/worker-on-elevated-platform-painting-building-exterior-32115287/,2,mejak-marjan-slikopleskarstvo; slikopleskarstvo-zakljucna-dela,USED,Visual inspection not completed in this audit pass,Manual visual review required,professional painter painting facade,Slikopleskar pri delu v svetlem prostoru,https://k1dgldwcgd9jslu2.public.blob.vercel-storage.com/clients/slikopleskarstvo-zakljucna-dela/hero.avif,False,
UNKNOWN,,pexels:33694019,,https://www.pexels.com/photo/technician-working-on-electrical-control-panel-33694019/,2,efm-montaza-popravila; elektroinstalacije-marjan-pajk,USED,Visual inspection not completed in this audit pass,Manual visual review required,electrician working electrical panel,Električar med vgradnjo elektroinstalacij v sodobnem prostoru,https://k1dgldwcgd9jslu2.public.blob.vercel-storage.com/clients/elektroinstalacije-marjan-pajk/hero.avif,True,
UNKNOWN,,pexels:34054464,,https://www.pexels.com/photo/electrician-diagnosing-electrical-panel-with-multimeter-34054464/,2,elektro-keber-ziga; elektroinstalacije-tehnicne-gorazd,USED,Visual inspection not completed in this audit pass,Manual visual review required,electrician working on modern electrical panel warm light,Električar pri delu na elektro omarici,https://k1dgldwcgd9jslu2.public.blob.vercel-storage.com/clients/elektroinstalacije-tehnicne-gorazd/hero.avif,True,
UNKNOWN,,pexels:5260115,,https://www.pexels.com/photo/person-holding-a-tire-5260115/,2,vulkanizerstvo-jan-dobnikar; vulkanizerstvo-matjasec-damjan,USED,Visual inspection not completed in this audit pass,Manual visual review required,tire shop mechanic changing tire,Stroj za centriranje koles v avtomehanični delavnici,https://k1dgldwcgd9jslu2.public.blob.vercel-storage.com/clients/vulkanizerstvo-jan-dobnikar/services.avif,True,
UNKNOWN,,pexels:5493654,,https://www.pexels.com/photo/construction-workers-renovating-a-house-5493654/,2,slikopleskarstvo-fasaderstvo-radojica; slikopleskarstvo-robert-pecjak,USED,Visual inspection not completed in this audit pass,Manual visual review required,house painter working on wall interior,Slikopleskar pri natančnem pleskanju sten v svetlem prostoru,https://k1dgldwcgd9jslu2.public.blob.vercel-storage.com/clients/slikopleskarstvo-fasaderstvo-radojica/hero.avif,False,
UNKNOWN,,pexels:5691479,,https://www.pexels.com/photo/housepainter-on-ladder-working-in-room-5691479/,2,slikopleskarstvo-denis-vehabovic; slikopleskarstvo-tasev,USED,Visual inspection not completed in this audit pass,Manual visual review required,house painter working on wall interior,Slikopleskar pri natančnem pleskanju sten v sodobnem svetalem stanovanju,https://k1dgldwcgd9jslu2.public.blob.vercel-storage.com/clients/slikopleskarstvo-denis-vehabovic/hero.avif,False,
UNKNOWN,,pexels:5691588,,https://www.pexels.com/photo/an-electrician-using-pliers-to-repair-the-ac-power-plugs-and-sockets-5691588/,2,elektro-servis; strela-elektroinstalaterstvo-stane,USED,Visual inspection not completed in this audit pass,Manual visual review required,professional electrician installing wiring,Orodja in električne napeljave za elektroinstalacije,https://k1dgldwcgd9jslu2.public.blob.vercel-storage.com/clients/elektro-servis/services.avif,True,
UNKNOWN,,pexels:5691677,,https://www.pexels.com/photo/crop-woman-painting-walls-at-home-5691677/,2,dragan-novarlic-prevozne; mejak-marjan-slikopleskarstvo,USED,Visual inspection not completed in this audit pass,Manual visual review required,house painter working on wall interior,Izdelava toplotne izolacijske fasade,https://k1dgldwcgd9jslu2.public.blob.vercel-storage.com/clients/mejak-marjan-slikopleskarstvo/services.avif,False,
UNKNOWN,,pexels:6474123,,https://www.pexels.com/photo/a-man-in-white-shirt-painting-a-house-6474123/,2,rbt-gradbenistvo; slikopleskarstvo-fasaderstvo-cveto,USED,Visual inspection not completed in this audit pass,Manual visual review required,professional painter interior wall renovation dark mood,Slikopleskarska in gradbena dela pri prenovi prostorov,https://k1dgldwcgd9jslu2.public.blob.vercel-storage.com/clients/rbt-gradbenistvo/hero.avif,True,
UNKNOWN,,pexels:6628596,,https://www.pexels.com/photo/a-woman-having-a-massage-6628596/,2,modus-vivendi-masaze; tajska-masaza-siriyupha,USED,Visual inspection not completed in this audit pass,Manual visual review required,massage therapy spa wellness room,Sproščujoč ambient za tradicionalno tajsko masažo z naravno svetlobo,https://k1dgldwcgd9jslu2.public.blob.vercel-storage.com/clients/tajska-masaza-siriyupha/hero.avif,False,
UNKNOWN,,pexels:6870318,,https://www.pexels.com/photo/a-man-installing-a-tire-into-a-car-6870318/,2,vulkanizerstvo; vulkanizerstvo-metod-globokar,USED,Visual inspection not completed in this audit pass,Manual visual review required,tire shop mechanic changing tire,Notranjost vulkanizerske delavnice z opremo za premontažo pnevmatik,https://k1dgldwcgd9jslu2.public.blob.vercel-storage.com/clients/vulkanizerstvo/hero.avif,True,
UNKNOWN,,pexels:6870322,,https://www.pexels.com/photo/man-in-blue-long-sleeve-shirt-standing-beside-orange-car-6870322/,2,asm-avtocenter-avtopralnica; avto-smodek-avtovleka,USED,Visual inspection not completed in this audit pass,Manual visual review required,tire shop mechanic changing tire,Avtoservis in popravila vozil,https://k1dgldwcgd9jslu2.public.blob.vercel-storage.com/clients/avto-smodek-avtovleka/services.avif,True,
UNKNOWN,,pexels:6870330,,https://www.pexels.com/photo/man-in-blue-dress-shirt-and-blue-denim-jeans-sitting-on-brown-wooden-seat-6870330/,2,asm-avtocenter-avtopralnica; avto-smodek-avtovleka,USED,Visual inspection not completed in this audit pass,Manual visual review required,tire shop mechanic changing tire,Avtovleka in pomoč na cesti,https://k1dgldwcgd9jslu2.public.blob.vercel-storage.com/clients/avto-smodek-avtovleka/hero.avif,True,
UNKNOWN,,pexels:7217987,,https://www.pexels.com/photo/man-putting-adhesive-tape-on-wall-7217987/,2,slikopleskarstvo-aljaz-baumann; slikopleskarstvo-zakljucna-dela,USED,Visual inspection not completed in this audit pass,Manual visual review required,house painter working on wall interior,Orodja in material za slikopleskarska dela,https://k1dgldwcgd9jslu2.public.blob.vercel-storage.com/clients/slikopleskarstvo-zakljucna-dela/services.avif,False,
UNKNOWN,,pexels:8815801,,https://www.pexels.com/photo/man-using-a-lug-wrench-8815801/,2,janez-kutin-vulkanizerstvo; pnevmatike-aeolus,USED,Visual inspection not completed in this audit pass,Manual visual review required,tire shop mechanic changing tire,Strokovno centriranje in premontaža pnevmatik v delavnici,https://k1dgldwcgd9jslu2.public.blob.vercel-storage.com/clients/pnevmatike-aeolus/services.avif,True,
UNKNOWN,,pexels:8986133,,https://www.pexels.com/photo/grayscale-photo-of-person-changing-car-tire-with-an-air-wrench-8986133/,2,janez-kutin-vulkanizerstvo; pnevmatike-aeolus,USED,Visual inspection not completed in this audit pass,Manual visual review required,tire shop mechanic changing tire,Notranjost delavnice za menjavo pnevmatik z opremo,https://k1dgldwcgd9jslu2.public.blob.vercel-storage.com/clients/pnevmatike-aeolus/hero.avif,True,
UNKNOWN,,pexels:9607005,,https://www.pexels.com/photo/person-holding-a-took-9607005/,2,avtomehanika-popravilo-avtomobilskih; vzdrzevanje-motornih-vozil,USED,Visual inspection not completed in this audit pass,Manual visual review required,car workshop tire repair and maintenance tools moody lighting,Orodja in oprema v avtomehanični delavnici,https://k1dgldwcgd9jslu2.public.blob.vercel-storage.com/clients/vzdrzevanje-motornih-vozil/services.avif,True,
UNKNOWN,,pexels:9679179,,https://www.pexels.com/photo/a-man-working-on-the-circuit-breaker-switch-9679179/,2,efm-montaza-popravila; elektroinstalacije-marjan-pajk,USED,Visual inspection not completed in this audit pass,Manual visual review required,electrician working electrical panel,Natančna montaža razsvetljave in električnih inštalacij,https://k1dgldwcgd9jslu2.public.blob.vercel-storage.com/clients/elektroinstalacije-marjan-pajk/services.avif,True,
UNKNOWN,,hash:05cb88c282705d33,public/clients/keramicarstvo-pecarstvo-robert/services.jpg,local:public/clients/keramicarstvo-pecarstvo-robert/services.jpg,1,keramicarstvo-pecarstvo-robert,USED,Visual inspection not completed in this audit pass,Manual visual review required,,Izdelava kamina in keramični detajli,/clients/keramicarstvo-pecarstvo-robert/services.jpg,False,
UNKNOWN,,hash:0b53de45ccdc4236,public/clients/keramicarstvo-prevec-simon/services.jpg,local:public/clients/keramicarstvo-prevec-simon/services.jpg,1,keramicarstvo-prevec-simon,USED,Visual inspection not completed in this audit pass,Manual visual review required,,Natančno pološčene keramične ploščice v prenovljenem prostoru,/clients/keramicarstvo-prevec-simon/services.jpg,False,
UNKNOWN,,hash:10a67180c89977c6,public/clients/keramicarstvodekorativni-kamen-robert/services.jpg,local:public/clients/keramicarstvodekorativni-kamen-robert/services.jpg,1,keramicarstvodekorativni-kamen-robert,USED,Visual inspection not completed in this audit pass,Manual visual review required,,Montaža dekorativnega kamna na steno v sodobnem prostoru,/clients/keramicarstvodekorativni-kamen-robert/services.jpg,False,
UNKNOWN,,hash:10ffb5b4c86d5cfa,public/clients/obdelava-kamna-teracerstvo/hero.jpg,local:public/clients/obdelava-kamna-teracerstvo/hero.jpg,1,obdelava-kamna-teracerstvo,USED,Visual inspection not completed in this audit pass,Manual visual review required,,Kamnosek pri natančni obdelavi naravnega kamna v delavnici,/clients/obdelava-kamna-teracerstvo/hero.jpg,False,
UNKNOWN,,hash:158523a9cc79fc00,public/clients/frizerstvo-tina-frizerske/services.jpg,local:public/clients/frizerstvo-tina-frizerske/services.jpg,1,frizerstvo-tina-frizerske,USED,Visual inspection not completed in this audit pass,Manual visual review required,,Strokovne frizerske storitve in urejanje pričesk,/clients/frizerstvo-tina-frizerske/services.jpg,False,
UNKNOWN,,hash:1b9318044ac7adb2,public/clients/polaganje-keramike-kamna/hero.jpg,local:public/clients/polaganje-keramike-kamna/hero.jpg,1,polaganje-keramike-kamna,USED,Visual inspection not completed in this audit pass,Manual visual review required,,Strokovno polaganje keramike v modernem interierju,/clients/polaganje-keramike-kamna/hero.jpg,False,
UNKNOWN,,hash:24ac25179d75ed5e,public/clients/keramicarstvo-tadej-potocnik/services.jpg,local:public/clients/keramicarstvo-tadej-potocnik/services.jpg,1,keramicarstvo-tadej-potocnik,USED,Visual inspection not completed in this audit pass,Manual visual review required,,Natančno polaganje stenske in talne keramike,/clients/keramicarstvo-tadej-potocnik/services.jpg,False,
UNKNOWN,,hash:2aad3a5c30bf5b37,public/clients/polaganje-keramike-kamna/services.jpg,local:public/clients/polaganje-keramike-kamna/services.jpg,1,polaganje-keramike-kamna,USED,Visual inspection not completed in this audit pass,Manual visual review required,,Natančno polaganje kamna in keramike,/clients/polaganje-keramike-kamna/services.jpg,False,
UNKNOWN,,hash:3042d07e55ff1e1d,public/clients/frizerstvo-brigita-brigita/hero.jpg,local:public/clients/frizerstvo-brigita-brigita/hero.jpg,1,frizerstvo-brigita-brigita,USED,Visual inspection not completed in this audit pass,Manual visual review required,,Topel in svetel frizerski salon,/clients/frizerstvo-brigita-brigita/hero.jpg,False,
UNKNOWN,,hash:31401d790083cc36,public/clients/keramix-keramicarstvo-robert/hero.jpg,local:public/clients/keramix-keramicarstvo-robert/hero.jpg,1,keramix-keramicarstvo-robert,USED,Visual inspection not completed in this audit pass,Manual visual review required,,Strokovno polaganje keramičnih ploščic v moderni kopalnici,/clients/keramix-keramicarstvo-robert/hero.jpg,False,
UNKNOWN,,hash:3a0d600db3abaa26,public/clients/oaza-lepote-manta/services.jpg,local:public/clients/oaza-lepote-manta/services.jpg,1,oaza-lepote-manta,USED,Visual inspection not completed in this audit pass,Manual visual review required,,Strokovno striženje las in prijeten kotiček s kavo,/clients/oaza-lepote-manta/services.jpg,False,
UNKNOWN,,hash:44a4587ab32b8cd1,public/clients/keramix-keramicarstvo-robert/services.jpg,local:public/clients/keramix-keramicarstvo-robert/services.jpg,1,keramix-keramicarstvo-robert,USED,Visual inspection not completed in this audit pass,Manual visual review required,,Kakovostne keramičarske storitve in prenova kopalnic,/clients/keramix-keramicarstvo-robert/services.jpg,False,
UNKNOWN,,hash:4512a28647fa9ccf,public/clients/keramicarstvo-zeljko-zeljko/services.jpg,local:public/clients/keramicarstvo-zeljko-zeljko/services.jpg,1,keramicarstvo-zeljko-zeljko,USED,Visual inspection not completed in this audit pass,Manual visual review required,,Natančna izvedba keramičnih del in adaptacija kopalnice,/clients/keramicarstvo-zeljko-zeljko/services.jpg,False,
UNKNOWN,,hash:5f924c38b5fd20bf,public/clients/polaganje-kamna-keramike/services.jpg,local:public/clients/polaganje-kamna-keramike/services.jpg,1,polaganje-kamna-keramike,USED,Visual inspection not completed in this audit pass,Manual visual review required,,Natančno polaganje keramike in kamna v kopalnici,/clients/polaganje-kamna-keramike/services.jpg,False,
UNKNOWN,,hash:6edac8e18181e09d,public/clients/baro-lenart-baraga/hero.jpg,local:public/clients/baro-lenart-baraga/hero.jpg,1,baro-lenart-baraga,USED,Visual inspection not completed in this audit pass,Manual visual review required,,Električar pri namestitvi sodobnih elektroinstalacij v objektu,/clients/baro-lenart-baraga/hero.jpg,False,
UNKNOWN,,hash:6fae6858ca4eced3,public/clients/baro-lenart-baraga/services.jpg,local:public/clients/baro-lenart-baraga/services.jpg,1,baro-lenart-baraga,USED,Visual inspection not completed in this audit pass,Manual visual review required,,Sodobna elektro omarica in pametne inštalacije,/clients/baro-lenart-baraga/services.jpg,False,
UNKNOWN,,hash:71f0c85aede36b88,public/clients/mv-hd-frizerski/hero.jpg,local:public/clients/mv-hd-frizerski/hero.jpg,1,mv-hd-frizerski,USED,Visual inspection not completed in this audit pass,Manual visual review required,,Sodoben in svetel frizerski salon v Novem mestu,/clients/mv-hd-frizerski/hero.jpg,False,
UNKNOWN,,hash:881590b5e3ee4086,public/clients/keramicarstvo-pecarstvo-robert/hero.jpg,local:public/clients/keramicarstvo-pecarstvo-robert/hero.jpg,1,keramicarstvo-pecarstvo-robert,USED,Visual inspection not completed in this audit pass,Manual visual review required,,Strokovno polaganje keramike in kopalniške površine,/clients/keramicarstvo-pecarstvo-robert/hero.jpg,False,
UNKNOWN,,hash:8cbe8b2094e4bd95,public/clients/polaganje-keramike-ostala/services.jpg,local:public/clients/polaganje-keramike-ostala/services.jpg,1,polaganje-keramike-ostala,USED,Visual inspection not completed in this audit pass,Manual visual review required,,Prenova kopalnice in polaganje ploščic,/clients/polaganje-keramike-ostala/services.jpg,False,
UNKNOWN,,hash:8e4ea0231f3d5589,public/clients/frizerstvo-kitty-jozica/hero.jpg,local:public/clients/frizerstvo-kitty-jozica/hero.jpg,1,frizerstvo-kitty-jozica,USED,Visual inspection not completed in this audit pass,Manual visual review required,,Svetel in urejen frizerski salon v Krškem,/clients/frizerstvo-kitty-jozica/hero.jpg,False,
UNKNOWN,,hash:944d56578df0471c,public/clients/salon-milka-zensko/hero.jpg,local:public/clients/salon-milka-zensko/hero.jpg,1,salon-milka-zensko,USED,Visual inspection not completed in this audit pass,Manual visual review required,,Topel in svetel interier frizerskega salona z naravno svetlobo,/clients/salon-milka-zensko/hero.jpg,False,
UNKNOWN,,hash:96c636086e88d664,public/clients/obdelava-kamna-teracerstvo/services.jpg,local:public/clients/obdelava-kamna-teracerstvo/services.jpg,1,obdelava-kamna-teracerstvo,USED,Visual inspection not completed in this audit pass,Manual visual review required,,Polaganje keramičnih ploščic in kamnitih talnih oblog,/clients/obdelava-kamna-teracerstvo/services.jpg,False,
UNKNOWN,,hash:b6697ef527b9fb79,public/clients/valentina-frizerski-salon/hero.jpg,local:public/clients/valentina-frizerski-salon/hero.jpg,1,valentina-frizerski-salon,USED,Visual inspection not completed in this audit pass,Manual visual review required,,Topel in urejen frizerski salon z naravno svetlobo,/clients/valentina-frizerski-salon/hero.jpg,False,
UNKNOWN,,hash:bdfe876d97b43d60,public/clients/keratop-keramicarstvo-radoslav/services.jpg,local:public/clients/keratop-keramicarstvo-radoslav/services.jpg,1,keratop-keramicarstvo-radoslav,USED,Visual inspection not completed in this audit pass,Manual visual review required,,Natančno polaganje stenskih in talnih keramičnih ploščic,/clients/keratop-keramicarstvo-radoslav/services.jpg,False,
UNKNOWN,,hash:ce7c6008f0bfd9f5,public/clients/klb-keramicarstvo-liman/services.jpg,local:public/clients/klb-keramicarstvo-liman/services.jpg,1,klb-keramicarstvo-liman,USED,Visual inspection not completed in this audit pass,Manual visual review required,,Prenova kopalnice in polaganje ploščic,/clients/klb-keramicarstvo-liman/services.jpg,False,
UNKNOWN,,hash:e0f6202d4d71e5e2,public/clients/zuri-hair-beauty/hero.jpg,local:public/clients/zuri-hair-beauty/hero.jpg,1,zuri-hair-beauty,USED,Visual inspection not completed in this audit pass,Manual visual review required,,Moderen frizerski salon z urejeno notranjostjo in prijetnim vzdušjem,/clients/zuri-hair-beauty/hero.jpg,False,
UNKNOWN,,hash:e5df58a9f41bea57,public/clients/polaganje-kamna-keramike/hero.jpg,local:public/clients/polaganje-kamna-keramike/hero.jpg,1,polaganje-kamna-keramike,USED,Visual inspection not completed in this audit pass,Manual visual review required,,Strokovno polaganje kamna in keramike v modernem interierju,/clients/polaganje-kamna-keramike/hero.jpg,False,
UNKNOWN,,pexels:10582334,,https://www.pexels.com/photo/an-interior-of-a-living-room-of-a-house-10582334/,1,rbt-gradbenistvo,USED,Visual inspection not completed in this audit pass,Manual visual review required,modern interior painting and wall renovation dark mood,"Slikopleskarstvo, fasaderstvo in notranja prenova",https://k1dgldwcgd9jslu2.public.blob.vercel-storage.com/clients/rbt-gradbenistvo/services.avif,True,
UNKNOWN,,pexels:10600175,,https://www.pexels.com/photo/woman-having-a-facial-treatment-in-a-beauty-studio-10600175/,1,g-b-kozmeticni,USED,Visual inspection not completed in this audit pass,Manual visual review required,cosmetic facial treatment spa salon,Strokovna nega obraza v sproščujočem ambientu salona,https://k1dgldwcgd9jslu2.public.blob.vercel-storage.com/clients/g-b-kozmeticni/services.avif,False,
UNKNOWN,,pexels:10871737,,https://www.pexels.com/photo/a-man-working-on-an-electric-switch-breakers-10871737/,1,elektroinstalacije-saso-sodja,USED,Visual inspection not completed in this audit pass,Manual visual review required,electrician working electrical panel,Montaža sodobne razsvetljave v stanovanju,https://k1dgldwcgd9jslu2.public.blob.vercel-storage.com/clients/elektroinstalacije-saso-sodja/services.avif,True,
UNKNOWN,,pexels:12113234,,https://www.pexels.com/photo/shadows-on-pavement-12113234/,1,kerago-keramicarstvo-druga,USED,Visual inspection not completed in this audit pass,Manual visual review required,tile installer laying ceramic floor,Moderna prenova kopalnice in polaganje keramičnih ploščic,https://k1dgldwcgd9jslu2.public.blob.vercel-storage.com/clients/kerago-keramicarstvo-druga/services.avif,True,
UNKNOWN,,pexels:12790167,,https://www.pexels.com/photo/close-up-photo-of-a-beautiful-woman-wearing-hat-12790167/,1,hairhitekt-by-tjasa,USED,Visual inspection not completed in this audit pass,Manual visual review required,professional hair coloring and styling session,Strokovno striženje in nega las v frizerskem salonu,https://k1dgldwcgd9jslu2.public.blob.vercel-storage.com/clients/hairhitekt-by-tjasa/services.avif,True,
UNKNOWN,,pexels:12866948,,https://www.pexels.com/photo/square-18-12866948/,1,konsens-tusar-breda,USED,Visual inspection not completed in this audit pass,Manual visual review required,business meeting professional service dark aesthetic desk interior,Strokovne poslovne storitve in svetovanje za stranke,https://k1dgldwcgd9jslu2.public.blob.vercel-storage.com/clients/konsens-tusar-breda/services.avif,True,
UNKNOWN,,pexels:13037133,,https://www.pexels.com/photo/close-up-shot-of-meat-on-a-charcoal-grill-13037133/,1,malca,USED,Visual inspection not completed in this audit pass,Manual visual review required,grilled meat skewers fast food dark mood aesthetic,Jedi z žara in hitra hrana,https://k1dgldwcgd9jslu2.public.blob.vercel-storage.com/clients/malca/services.avif,True,
UNKNOWN,,pexels:13809247,,https://www.pexels.com/photo/close-up-of-hair-scissors-13809247/,1,vip-4-men,USED,Visual inspection not completed in this audit pass,Manual visual review required,professional barber trimming beard with scissors dark ambient,Brivnik med urejanjem brade stranke,https://k1dgldwcgd9jslu2.public.blob.vercel-storage.com/clients/vip-4-men/services.avif,True,
UNKNOWN,,pexels:14904074,,https://www.pexels.com/photo/photo-of-a-dark-room-with-shadows-on-the-wall-14904074/,1,slikopleskarstvo-bostjan-gazvoda,USED,Visual inspection not completed in this audit pass,Manual visual review required,modern interior wall decoration dark moody lighting squarish,Kakovostna pleskarska dela in dekorativne tehnike sten,https://k1dgldwcgd9jslu2.public.blob.vercel-storage.com/clients/slikopleskarstvo-bostjan-gazvoda/services.avif,True,
UNKNOWN,,pexels:15082384,,https://www.pexels.com/photo/burger-with-french-fries-15082384/,1,besim-hajdari,USED,Visual inspection not completed in this audit pass,Manual visual review required,gourmet burger and fries dark moody restaurant,Sočen burger s krompirčkom v restavraciji,https://k1dgldwcgd9jslu2.public.blob.vercel-storage.com/clients/besim-hajdari/hero.avif,True,
UNKNOWN,,pexels:15852066,,https://www.pexels.com/photo/bomb-doner-kebap-neon-15852066/,1,malca,USED,Visual inspection not completed in this audit pass,Manual visual review required,fresh donner kebab roll dark moody lighting neon accent,Svež döner kebab v okrepčevalnici,https://k1dgldwcgd9jslu2.public.blob.vercel-storage.com/clients/malca/hero.avif,True,
UNKNOWN,,pexels:16120497,,https://www.pexels.com/photo/beautician-making-facial-beauty-procedures-for-woman-in-salon-16120497/,1,ilash-studio-podaljsevanje,USED,Visual inspection not completed in this audit pass,Manual visual review required,beauty salon skincare professional,Strokovno podaljševanje trepalnic v urejenem salonu,https://k1dgldwcgd9jslu2.public.blob.vercel-storage.com/clients/ilash-studio-podaljsevanje/hero.avif,False,
UNKNOWN,,pexels:16239801,,https://www.pexels.com/photo/worker-working-with-pavement-pavers-16239801/,1,adaptacije-keramicarstvo-deno,USED,Visual inspection not completed in this audit pass,Manual visual review required,tile installer laying ceramic floor,Celovite adaptacije stanovanj in gradbena dela,https://k1dgldwcgd9jslu2.public.blob.vercel-storage.com/clients/adaptacije-keramicarstvo-deno/services.avif,True,
UNKNOWN,,pexels:16423838,,https://www.pexels.com/photo/roasted-chicken-with-fries-and-salad-16423838/,1,besim-hajdari,USED,Visual inspection not completed in this audit pass,Manual visual review required,grilled meat skewers and fast food dishes,Okusne jedi z žara in hitra prehrana,https://k1dgldwcgd9jslu2.public.blob.vercel-storage.com/clients/besim-hajdari/services.avif,True,
UNKNOWN,,pexels:16629411,,https://www.pexels.com/photo/white-square-tiles-16629411/,1,keramicarstvo-peter-nadlisek,USED,Visual inspection not completed in this audit pass,Manual visual review required,tile installer laying ceramic floor,Natančno pološčene keramične ploščice v sodobnem prostoru,https://k1dgldwcgd9jslu2.public.blob.vercel-storage.com/clients/keramicarstvo-peter-nadlisek/services.avif,True,
UNKNOWN,,pexels:17842834,,https://www.pexels.com/photo/man-in-hard-hat-and-eyeglasses-working-with-electric-equipment-17842834/,1,elkan-elektroinstalacije-ljubisa,USED,Visual inspection not completed in this audit pass,Manual visual review required,electrician working electrical panel,Električar med delom pri montaži sodobne svetlobe,https://k1dgldwcgd9jslu2.public.blob.vercel-storage.com/clients/elkan-elektroinstalacije-ljubisa/hero.avif,True,
UNKNOWN,,pexels:19250066,,https://www.pexels.com/photo/construction-workers-carrying-table-19250066/,1,krovstvo-petek,USED,Visual inspection not completed in this audit pass,Manual visual review required,construction workers building site professional,Krovec pri delu na strehi,https://k1dgldwcgd9jslu2.public.blob.vercel-storage.com/clients/krovstvo-petek/hero.avif,True,
UNKNOWN,,pexels:19664872,,https://www.pexels.com/photo/empty-seats-in-barbershop-19664872/,1,vip-4-men,USED,Visual inspection not completed in this audit pass,Manual visual review required,modern upscale barbershop interior dark mood gentleman style,Notranjost sodobnega brivskega salona v Ljubljani,https://k1dgldwcgd9jslu2.public.blob.vercel-storage.com/clients/vip-4-men/hero.avif,True,
UNKNOWN,,pexels:19664876,,https://www.pexels.com/photo/barber-cutting-client-hair-19664876/,1,frizerer-g-style,USED,Visual inspection not completed in this audit pass,Manual visual review required,modern hair salon interior natural light,Storitve barvanja in oblikovanja pričesk,https://k1dgldwcgd9jslu2.public.blob.vercel-storage.com/clients/frizerer-g-style/services.avif,True,
UNKNOWN,,pexels:19666192,,https://www.pexels.com/photo/aromatherapy-and-massage-at-the-spa-19666192/,1,painting-roller-sebastjan,USED,Visual inspection not completed in this audit pass,Manual visual review required,relaxing spa treatment professional,Pripomočki za pleskanje sten in stropov,https://k1dgldwcgd9jslu2.public.blob.vercel-storage.com/clients/painting-roller-sebastjan/services.avif,False,
UNKNOWN,,pexels:27441065,,https://www.pexels.com/photo/pattern-blue-5-27441065/,1,dina-cistilni-servis,USED,Visual inspection not completed in this audit pass,Manual visual review required,professional cleaning service modern office interior steel blue,Profesionalno čiščenje pisarniških prostorov v Novem mestu,https://k1dgldwcgd9jslu2.public.blob.vercel-storage.com/clients/dina-cistilni-servis/hero.avif,True,
UNKNOWN,,pexels:29038452,,https://www.pexels.com/photo/craftsman-working-in-marrakech-workshop-29038452/,1,mizarstvo-joze-zupancic,USED,Visual inspection not completed in this audit pass,Manual visual review required,carpenter workshop woodcraft artisan traditional woodworking tools,Mizarska delavnica in obdelava lesa za unikatno pohištvo,https://k1dgldwcgd9jslu2.public.blob.vercel-storage.com/clients/mizarstvo-joze-zupancic/services.avif,True,
UNKNOWN,,pexels:29399427,,https://www.pexels.com/photo/modern-bathroom-sink-with-stylish-faucet-29399427/,1,instalteh-instalacije-tehvudin,USED,Visual inspection not completed in this audit pass,Manual visual review required,modern bathroom sanitary equipment installation dark interior,Montaža sanitarne opreme v sodobnem objektu,https://k1dgldwcgd9jslu2.public.blob.vercel-storage.com/clients/instalteh-instalacije-tehvudin/services.avif,True,
UNKNOWN,,pexels:30004480,,https://www.pexels.com/photo/elegant-professional-in-greenville-office-setting-30004480/,1,nepremicnine-land,USED,Visual inspection not completed in this audit pass,Manual visual review required,modern real estate agent office interior dark mood,Notranjost sodobne nepremičninske pisarne v Postojni,https://k1dgldwcgd9jslu2.public.blob.vercel-storage.com/clients/nepremicnine-land/hero.avif,True,
UNKNOWN,,pexels:31085120,,https://www.pexels.com/photo/industrial-wall-with-rusted-pipe-and-vents-31085120/,1,lekse-instalacije-vladislav,USED,Visual inspection not completed in this audit pass,Manual visual review required,modern water pipes and heating installation indoor view,Vodovodne inštalacije in ogrevalni sistemi,https://k1dgldwcgd9jslu2.public.blob.vercel-storage.com/clients/lekse-instalacije-vladislav/services.avif,True,
UNKNOWN,,pexels:31517287,,https://www.pexels.com/photo/modern-house-with-car-in-compiegne-france-31517287/,1,soboslikarstvo-fasaderstvo-zibert,USED,Visual inspection not completed in this audit pass,Manual visual review required,modern house facade construction insulation work outdoor,Izdelava nove fasade in toplotne izolacije na stanovanjski hiši,https://k1dgldwcgd9jslu2.public.blob.vercel-storage.com/clients/soboslikarstvo-fasaderstvo-zibert/services.avif,True,
UNKNOWN,,pexels:32021732,,https://www.pexels.com/photo/colorful-vintage-ceramic-tiles-pattern-32021732/,1,polaganje-keram-ploscic,USED,Visual inspection not completed in this audit pass,Manual visual review required,tile installer laying ceramic floor,Detajl položenih keramičnih ploščic in talnih oblog,https://k1dgldwcgd9jslu2.public.blob.vercel-storage.com/clients/polaganje-keram-ploscic/services.avif,True,
UNKNOWN,,pexels:33917084,,https://www.pexels.com/photo/rear-view-of-a-red-sports-car-in-urban-setting-33917084/,1,avtomehanika-mirko-pirc,USED,Visual inspection not completed in this audit pass,Manual visual review required,modern car engine diagnostics and maintenance tools,Orodja in oprema za avtomobilsko diagnostiko in servise,https://k1dgldwcgd9jslu2.public.blob.vercel-storage.com/clients/avtomehanika-mirko-pirc/services.avif,True,
UNKNOWN,,pexels:33966531,,https://www.pexels.com/photo/artistic-mosaic-pattern-with-vibrant-colors-33966531/,1,polaganje-keram-ploscic,USED,Visual inspection not completed in this audit pass,Manual visual review required,tile installer laying ceramic floor,Polaganje keramičnih ploščic v svetlem in urejenem prostoru,https://k1dgldwcgd9jslu2.public.blob.vercel-storage.com/clients/polaganje-keram-ploscic/hero.avif,True,
UNKNOWN,,pexels:34054474,,https://www.pexels.com/photo/young-technician-working-on-electrical-panel-34054474/,1,elektro-keber-ziga,USED,Visual inspection not completed in this audit pass,Manual visual review required,electrician working electrical panel,Pregled in vzdrževanje elektro omarice ter inštalacij,https://k1dgldwcgd9jslu2.public.blob.vercel-storage.com/clients/elektro-keber-ziga/services.avif,True,
UNKNOWN,,pexels:35072812,,https://www.pexels.com/photo/close-up-of-craftsman-working-on-mechanical-repair-35072812/,1,instalteh-instalacije-tehvudin,USED,Visual inspection not completed in this audit pass,Manual visual review required,professional plumber fixing modern bathroom pipes dark mood,Vodovodni inštalater pri popravilu cevi v kopalnici,https://k1dgldwcgd9jslu2.public.blob.vercel-storage.com/clients/instalteh-instalacije-tehvudin/hero.avif,True,
UNKNOWN,,pexels:35200609,,https://www.pexels.com/photo/colorful-patterned-ceramic-floor-tiles-35200609/,1,adaptacije-keramicarstvo-deno,USED,Visual inspection not completed in this audit pass,Manual visual review required,tile installer laying ceramic floor,Strokovna prenova kopalnice in polaganje keramike,https://k1dgldwcgd9jslu2.public.blob.vercel-storage.com/clients/adaptacije-keramicarstvo-deno/hero.avif,True,
UNKNOWN,,pexels:35771549,,https://www.pexels.com/photo/elegant-european-building-with-autumn-foliage-35771549/,1,slikopleskarstvo-fasaderstvo-slika,USED,Visual inspection not completed in this audit pass,Manual visual review required,freshly painted house facade warm earth tones,Obnovljena fasada stanovanjske hiše v toplih tonih,https://k1dgldwcgd9jslu2.public.blob.vercel-storage.com/clients/slikopleskarstvo-fasaderstvo-slika/services.avif,True,
UNKNOWN,,pexels:35844833,,https://www.pexels.com/photo/modern-hair-salon-interior-with-stylish-lighting-35844833/,1,hairhitekt-by-tjasa,USED,Visual inspection not completed in this audit pass,Manual visual review required,modern hair salon interior natural light,Sodobna notranjost frizerskega salona z elegantnimi detajli v Ljubljani,https://k1dgldwcgd9jslu2.public.blob.vercel-storage.com/clients/hairhitekt-by-tjasa/hero.avif,True,
UNKNOWN,,pexels:3616774,,https://www.pexels.com/photo/photo-of-shower-mounted-on-wall-3616774/,1,keramicarstvo-peter-nadlisek,USED,Visual inspection not completed in this audit pass,Manual visual review required,professional tiler bathroom renovation,Keramičar polaga stensko keramiko v svetli prenovljeni kopalnici,https://k1dgldwcgd9jslu2.public.blob.vercel-storage.com/clients/keramicarstvo-peter-nadlisek/hero.avif,True,
UNKNOWN,,pexels:36497528,,https://www.pexels.com/photo/modern-milano-office-interior-with-natural-light-36497528/,1,mgs-cistilni-servis,USED,Visual inspection not completed in this audit pass,Manual visual review required,professional commercial office cleaning service interior bright daylight,Profesionalno čiščenje poslovnih prostorov z naravno svetlobo,https://k1dgldwcgd9jslu2.public.blob.vercel-storage.com/clients/mgs-cistilni-servis/hero.avif,True,
UNKNOWN,,pexels:36799021,,https://www.pexels.com/photo/elderly-woman-sewing-in-malaysian-shop-36799021/,1,cevljarstvo-izdelava-kljucev,USED,Visual inspection not completed in this audit pass,Manual visual review required,key duplication machine in a local locksmith workshop,Izdelava ključev in popravilo obutve,https://k1dgldwcgd9jslu2.public.blob.vercel-storage.com/clients/cevljarstvo-izdelava-kljucev/services.avif,True,
UNKNOWN,,pexels:36887744,,https://www.pexels.com/photo/minimalist-wooden-interior-design-with-built-in-furniture-36887744/,1,mizarstvo-meze-robert,USED,Visual inspection not completed in this audit pass,Manual visual review required,custom wooden furniture craftsmanship warm natural light,Izdelava pohištva po meri v domači mizarski delavnici,https://k1dgldwcgd9jslu2.public.blob.vercel-storage.com/clients/mizarstvo-meze-robert/hero.avif,True,
UNKNOWN,,pexels:37229298,,https://www.pexels.com/photo/relaxing-facial-treatment-at-spa-37229298/,1,kozmeticni-salon-temi,USED,Visual inspection not completed in this audit pass,Manual visual review required,cosmetic facial treatment spa salon,Urejen in svetel ambient kozmetičnega salona,https://k1dgldwcgd9jslu2.public.blob.vercel-storage.com/clients/kozmeticni-salon-temi/hero.avif,False,
UNKNOWN,,pexels:37229299,,https://www.pexels.com/photo/relaxing-facial-treatment-at-a-spa-37229299/,1,kozmeticni-salon-temi,USED,Visual inspection not completed in this audit pass,Manual visual review required,cosmetic facial treatment spa salon,Strokovna nega obraza in lepotni tretmaji,https://k1dgldwcgd9jslu2.public.blob.vercel-storage.com/clients/kozmeticni-salon-temi/services.avif,False,
UNKNOWN,,pexels:37229313,,https://www.pexels.com/photo/rejuvenating-spa-treatment-with-facial-mask-37229313/,1,kozmeticni-salon-talija,USED,Visual inspection not completed in this audit pass,Manual visual review required,cosmetic facial treatment spa salon,Nega obraza in sprostitveni tretma v kozmetičnem salonu,https://k1dgldwcgd9jslu2.public.blob.vercel-storage.com/clients/kozmeticni-salon-talija/services.avif,False,
UNKNOWN,,pexels:3736521,,https://www.pexels.com/photo/equipment-in-beauty-salon-3736521/,1,liara-beauty-house,USED,Visual inspection not completed in this audit pass,Manual visual review required,cozy luxury beauty salon interior warm aesthetic facial treatment,Topel in prijeten ambient lepotnega salona z naravno svetlobo,https://k1dgldwcgd9jslu2.public.blob.vercel-storage.com/clients/liara-beauty-house/hero.avif,True,
UNKNOWN,,pexels:3738340,,https://www.pexels.com/photo/photo-of-woman-having-facial-care-3738340/,1,g-b-kozmeticni,USED,Visual inspection not completed in this audit pass,Manual visual review required,cosmetic facial treatment spa salon,Notranjost butičnega kozmetičnega salona z mehko svetlobo,https://k1dgldwcgd9jslu2.public.blob.vercel-storage.com/clients/g-b-kozmeticni/hero.avif,False,
UNKNOWN,,pexels:37508560,,https://www.pexels.com/photo/colorful-geometric-tile-pattern-with-checkerboard-design-37508560/,1,kerago-keramicarstvo-druga,USED,Visual inspection not completed in this audit pass,Manual visual review required,tile installer laying ceramic floor,Strokoven keramičar pri natančnem polaganju keramike,https://k1dgldwcgd9jslu2.public.blob.vercel-storage.com/clients/kerago-keramicarstvo-druga/hero.avif,False,
UNKNOWN,,pexels:37704234,,https://www.pexels.com/photo/construction-workers-on-site-wearing-safety-gear-37704234/,1,sdg-dimnikarstvo-kemicno,USED,Visual inspection not completed in this audit pass,Manual visual review required,construction workers building site professional,Strokovni dimnikar pri vzdrževanju toplotne naprave v temnem profesionalnem ambientu,https://k1dgldwcgd9jslu2.public.blob.vercel-storage.com/clients/sdg-dimnikarstvo-kemicno/hero.avif,True,
UNKNOWN,,pexels:38028966,,https://www.pexels.com/photo/close-up-of-industrial-metal-pipe-fitting-38028966/,1,vinko-cizerle,USED,Visual inspection not completed in this audit pass,Manual visual review required,metal keys duplication machinery workshop industrial close up,Orodja in stroji za izdelavo ključev ter popravila,https://k1dgldwcgd9jslu2.public.blob.vercel-storage.com/clients/vinko-cizerle/services.avif,True,
UNKNOWN,,pexels:38146879,,https://www.pexels.com/photo/construction-worker-shoveling-sand-at-worksite-38146879/,1,sdg-dimnikarstvo-kemicno,USED,Visual inspection not completed in this audit pass,Manual visual review required,construction workers building site professional,Kemično čiščenje toplotnih naprav in strokovne dimnikarske storitve,https://k1dgldwcgd9jslu2.public.blob.vercel-storage.com/clients/sdg-dimnikarstvo-kemicno/services.avif,True,
UNKNOWN,,pexels:38171157,,https://www.pexels.com/photo/electrician-installing-solar-energy-wiring-indoors-38171157/,1,elektro-servis,USED,Visual inspection not completed in this audit pass,Manual visual review required,professional electrician installing wiring,Električar med delom na električni omarici,https://k1dgldwcgd9jslu2.public.blob.vercel-storage.com/clients/elektro-servis/hero.avif,False,
UNKNOWN,,pexels:38241071,,https://www.pexels.com/photo/scaffolding-on-historic-church-during-renovation-38241071/,1,rakaj-bau,USED,Visual inspection not completed in this audit pass,Manual visual review required,bricklaying and wall renovation construction work warm sunlight,Zidarska dela in prenova objektov,https://k1dgldwcgd9jslu2.public.blob.vercel-storage.com/clients/rakaj-bau/services.avif,True,
UNKNOWN,,pexels:38609263,,https://www.pexels.com/photo/modern-kitchen-interior-with-marble-countertop-38609263/,1,mizarstvo-meze-robert,USED,Visual inspection not completed in this audit pass,Manual visual review required,modern custom kitchen interior wood details olive gold,Sodobna kuhinja po meri z lesenimi elementi,https://k1dgldwcgd9jslu2.public.blob.vercel-storage.com/clients/mizarstvo-meze-robert/services.avif,True,
UNKNOWN,,pexels:38706741,,https://www.pexels.com/photo/construction-worker-on-scaffolding-at-work-38706741/,1,krovstvo-petek,USED,Visual inspection not completed in this audit pass,Manual visual review required,construction workers building site professional,Krovska dela in nova kritina,https://k1dgldwcgd9jslu2.public.blob.vercel-storage.com/clients/krovstvo-petek/services.avif,True,
UNKNOWN,,pexels:38908688,,https://www.pexels.com/photo/modern-office-lounge-with-city-view-38908688/,1,konsens-tusar-breda,USED,Visual inspection not completed in this audit pass,Manual visual review required,professional business consultation office in Slovenia moody dark interior,Profesionalna pisarna za poslovno svetovanje in storitve v Cerknici,https://k1dgldwcgd9jslu2.public.blob.vercel-storage.com/clients/konsens-tusar-breda/hero.avif,True,
UNKNOWN,,pexels:4062185,,https://www.pexels.com/photo/black-and-blue-car-speedometer-4062185/,1,vzdrzevanje-vozil-branko,USED,Visual inspection not completed in this audit pass,Manual visual review required,car diagnostic tool plugged into dashboard modern garage,Diagnostika in pregled osebnega vozila v avtomehanični delavnici,https://k1dgldwcgd9jslu2.public.blob.vercel-storage.com/clients/vzdrzevanje-vozil-branko/services.avif,True,
UNKNOWN,,pexels:4488655,,https://www.pexels.com/photo/man-in-white-shirt-holding-black-motorcycle-4488655/,1,avtomehanika-popravilo-avtomobilskih,USED,Visual inspection not completed in this audit pass,Manual visual review required,professional car mechanic working in modern dark workshop with neon light,Avtomehanik pri delu v delavnici v Postojni,https://k1dgldwcgd9jslu2.public.blob.vercel-storage.com/clients/avtomehanika-popravilo-avtomobilskih/hero.avif,True,
UNKNOWN,,pexels:4752996,,https://www.pexels.com/photo/white-and-blue-concrete-blocks-4752996/,1,keramicarstvo-hribar,USED,Visual inspection not completed in this audit pass,Manual visual review required,tile installer laying ceramic floor,Keramičar polaga keramične ploščice v sodobni kopalnici,https://k1dgldwcgd9jslu2.public.blob.vercel-storage.com/clients/keramicarstvo-hribar/hero.avif,True,
UNKNOWN,,pexels:4825736,,https://www.pexels.com/photo/table-with-bottle-of-alcohol-and-oranges-4825736/,1,mizarstvo-abram,USED,Visual inspection not completed in this audit pass,Manual visual review required,custom wooden kitchen interior warm natural light dark mood,Leseno pohištvo po meri v sodobnem interierju,https://k1dgldwcgd9jslu2.public.blob.vercel-storage.com/clients/mizarstvo-abram/hero.avif,True,
UNKNOWN,,pexels:4981780,,https://www.pexels.com/photo/a-man-wearing-safety-glasses-and-respirator-mask-4981780/,1,slikopleskarstvo-bostjan-gazvoda,USED,Visual inspection not completed in this audit pass,Manual visual review required,professional painter interior wall painting dark mood portrait,Slikopleskar pri natančnem barvanju notranjih sten,https://k1dgldwcgd9jslu2.public.blob.vercel-storage.com/clients/slikopleskarstvo-bostjan-gazvoda/hero.avif,True,
UNKNOWN,,pexels:5493671,,https://www.pexels.com/photo/full-shot-of-construction-workers-at-work-5493671/,1,skim-pleskarstvo-gradbenistvo,USED,Visual inspection not completed in this audit pass,Manual visual review required,renovation construction team interior,Moški pleskar beli steno v notranjosti stanovanja,https://k1dgldwcgd9jslu2.public.blob.vercel-storage.com/clients/skim-pleskarstvo-gradbenistvo/hero.avif,False,
UNKNOWN,,pexels:6205765,,https://www.pexels.com/photo/busy-woman-cleaning-wooden-counter-in-cafe-6205765/,1,mavitas-cistilni-servis,USED,Visual inspection not completed in this audit pass,Manual visual review required,professional cleaning service modern bright office interior warm lighting,Strokoven čistilni servis v svetli pisarni,https://k1dgldwcgd9jslu2.public.blob.vercel-storage.com/clients/mavitas-cistilni-servis/hero.avif,True,
UNKNOWN,,pexels:6444245,,https://www.pexels.com/photo/view-of-a-modern-bathroom-6444245/,1,keramicarstvo-hribar,USED,Visual inspection not completed in this audit pass,Manual visual review required,professional tiler bathroom renovation,Natančno polaganje talnih ploščic in oblaganje stopnic,https://k1dgldwcgd9jslu2.public.blob.vercel-storage.com/clients/keramicarstvo-hribar/services.avif,True,
UNKNOWN,,pexels:7217975,,https://www.pexels.com/photo/woman-putting-adhesive-tape-on-wall-7217975/,1,slikopleskarstvo-aljaz-baumann,USED,Visual inspection not completed in this audit pass,Manual visual review required,house painter working on wall interior,Pleskanje in obnova sten,https://k1dgldwcgd9jslu2.public.blob.vercel-storage.com/clients/slikopleskarstvo-aljaz-baumann/services.avif,False,
UNKNOWN,,pexels:7446689,,https://www.pexels.com/photo/woman-face-during-surgery-7446689/,1,ilash-studio-podaljsevanje,USED,Visual inspection not completed in this audit pass,Manual visual review required,cosmetic facial treatment spa salon,Specializirana nega in podaljševanje trepalnic,https://k1dgldwcgd9jslu2.public.blob.vercel-storage.com/clients/ilash-studio-podaljsevanje/services.avif,False,
UNKNOWN,,pexels:7750103,,https://www.pexels.com/photo/black-vanity-chair-near-round-vanity-mirror-7750103/,1,frizerski-salon-z,USED,Visual inspection not completed in this audit pass,Manual visual review required,modern hair salon interior natural light,Frizerske storitve striženja in barvanja las v prijetnem ambientu,https://k1dgldwcgd9jslu2.public.blob.vercel-storage.com/clients/frizerski-salon-z/services.avif,True,
UNKNOWN,,pexels:7750122,,https://www.pexels.com/photo/photo-of-a-black-chair-near-a-mirror-with-a-ring-light-7750122/,1,frizerski-salon-z,USED,Visual inspection not completed in this audit pass,Manual visual review required,modern hair salon interior natural light,Notranjost sodobnega frizerskega salona z urejenimi delovnimi mesti,https://k1dgldwcgd9jslu2.public.blob.vercel-storage.com/clients/frizerski-salon-z/hero.avif,True,
UNKNOWN,,pexels:7823407,,https://www.pexels.com/photo/empty-armchairs-in-the-room-7823407/,1,frizerer-g-style,USED,Visual inspection not completed in this audit pass,Manual visual review required,modern hair salon interior natural light,Sodoben in svetel frizerski salon v Ljubljani,https://k1dgldwcgd9jslu2.public.blob.vercel-storage.com/clients/frizerer-g-style/hero.avif,True,
UNKNOWN,,pexels:8273515,,https://www.pexels.com/photo/man-wearing-uniform-cleaning-the-floor-8273515/,1,ciscenje-objektov-milomir,USED,Visual inspection not completed in this audit pass,Manual visual review required,professional commercial cleaning services dark modern interior,Strokovno čiščenje poslovnih prostorov v Novem mestu,https://k1dgldwcgd9jslu2.public.blob.vercel-storage.com/clients/ciscenje-objektov-milomir/hero.avif,True,
UNKNOWN,,pexels:8470045,,https://www.pexels.com/photo/people-holding-a-piece-of-paper-while-standing-near-white-walls-8470045/,1,skim-pleskarstvo-gradbenistvo,USED,Visual inspection not completed in this audit pass,Manual visual review required,renovation construction team interior,Orodje in material za pleskanje ter prenovo doma,https://k1dgldwcgd9jslu2.public.blob.vercel-storage.com/clients/skim-pleskarstvo-gradbenistvo/services.avif,False,
UNKNOWN,,pexels:8815800,,https://www.pexels.com/photo/man-changing-vehicle-tire-8815800/,1,vulkanizerstvo-matjasec-damjan,USED,Visual inspection not completed in this audit pass,Manual visual review required,tire shop mechanic changing tire,Menjava pnevmatik in centriranje platišč v delavnici,https://k1dgldwcgd9jslu2.public.blob.vercel-storage.com/clients/vulkanizerstvo-matjasec-damjan/services.avif,True,
UNKNOWN,,pexels:8837261,,https://www.pexels.com/photo/a-group-of-women-having-conversation-inside-the-office-8837261/,1,nepremicnine-land,USED,Visual inspection not completed in this audit pass,Manual visual review required,professional real estate consultation meeting modern desk,Strokovno nepremičninsko svetovanje in posredovanje,https://k1dgldwcgd9jslu2.public.blob.vercel-storage.com/clients/nepremicnine-land/services.avif,True,
UNKNOWN,,pexels:8931963,,https://www.pexels.com/photo/truck-towing-vintage-car-through-streets-8931963/,1,avtovleka-tomaz-stangelj,USED,Visual inspection not completed in this audit pass,Manual visual review required,tow truck roadside assistance dark moody industrial lighting,Avtovleka in pomoč na cesti,https://k1dgldwcgd9jslu2.public.blob.vercel-storage.com/clients/avtovleka-tomaz-stangelj/hero.avif,True,
UNKNOWN,,pexels:901941,,https://www.pexels.com/photo/two-men-wearing-white-hard-hat-901941/,1,rakaj-bau,USED,Visual inspection not completed in this audit pass,Manual visual review required,professional construction site workers modern building facade warm lighting,Gradbeni delavci na sodobnem gradbišču v Krškem,https://k1dgldwcgd9jslu2.public.blob.vercel-storage.com/clients/rakaj-bau/hero.avif,True,
KEEP,90,hash:3d843b438b03e42d,public/clients/frisalon-frizerski-studio/hero.jpg,local:public/clients/frisalon-frizerski-studio/hero.jpg,26,frisalon-frizerski-studio; frizer-bostjan-lustek; frizerski-salon-cut4u; frizerski-salon-damjana; frizerski-salon-jelka; frizerski-salon-mojca-3; frizerski-salon-renata-2; frizerski-studio-alla; frizerski-studio-anemari; frizerski-studio-anemari-2; frizerski-studio-angelika; frizerski-studio-extreme …,USED,Empty industrial barber station,Keep,,Svetel in topel frizerski salon z naravno svetlobo,/clients/frizerski-studio-luka/hero.jpg,False,none
KEEP,90,hash:09eadf57f6c71b3e,public/clients/gradbenistvo-matkovic-zakljucna/services.jpg,local:public/clients/gradbenistvo-matkovic-zakljucna/services.jpg,21,gradbenistvo-matkovic-zakljucna; qa-gradbinci-01-classic-split; qa-gradbinci-02-editorial-type; qa-gradbinci-03-photo-forward; qa-gradbinci-04-stats-trust; qa-gradbinci-05-minimal-line; qa-gradbinci-06-service-grid; qa-gradbinci-07-asymmetric-bold; qa-gradbinci-08-dark-pro; qa-gradbinci-09-warm-soft; qa-gradbinci-10-industrial-plain; qa-parketarji-talne-obloge-01-classic-split …,USED,Neutral paint-roller close-up; culturally neutral,Keep,,Kakovostna zaključna gradbena dela in prenova prostorov,/clients/gradbenistvo-matkovic-zakljucna/services.jpg,False,generic painting
KEEP,92,hash:d8eca832357dfca9,public/clients/gradbenistvo-matkovic-zakljucna/hero.jpg,local:public/clients/gradbenistvo-matkovic-zakljucna/hero.jpg,21,gradbenistvo-matkovic-zakljucna; qa-gradbinci-01-classic-split; qa-gradbinci-02-editorial-type; qa-gradbinci-03-photo-forward; qa-gradbinci-04-stats-trust; qa-gradbinci-05-minimal-line; qa-gradbinci-06-service-grid; qa-gradbinci-07-asymmetric-bold; qa-gradbinci-08-dark-pro; qa-gradbinci-09-warm-soft; qa-gradbinci-10-industrial-plain; qa-parketarji-talne-obloge-01-classic-split …,USED,Interior renovation with PPE; Storch EU tool brand,Keep,,Strokoven gradbeni delavec med prenovo notranjih prostorov,/clients/gradbenistvo-matkovic-zakljucna/hero.jpg,False,EU renovation
KEEP,90,pexels:8985972,,https://www.pexels.com/photo/a-mechanic-working-on-an-engine-8985972/,20,avto-galjot-avtoservis; avtoelektrika-grega-cvirn; avtomehanika-koscak-primoz; avtonega; avtoservis-brojan; avtoservis-kepec-bostjan; avtoservis-koren; avtoservis-m-x; avtoservis-virant-miran; qa-avtomehaniki-01-classic-split; qa-avtomehaniki-02-editorial-type; qa-avtomehaniki-03-photo-forward …,USED,EU-style mechanic in blue coveralls; no foreign plates/signage,Keep,auto mechanic working on car engine,Mehanik pri delu na motorju vozila v sodobni delavnici v Ljubljani,https://k1dgldwcgd9jslu2.public.blob.vercel-storage.com/clients/servis-vozil-tadej/hero.avif,True,EU garage
KEEP,88,pexels:5493655,,https://www.pexels.com/photo/man-painting-a-wall-5493655/,17,juma-gradbenistvo; qa-slikopleskarji-01-classic-split; qa-slikopleskarji-02-editorial-type; qa-slikopleskarji-03-photo-forward; qa-slikopleskarji-04-stats-trust; qa-slikopleskarji-05-minimal-line; qa-slikopleskarji-06-service-grid; qa-slikopleskarji-07-asymmetric-bold; qa-slikopleskarji-08-dark-pro; qa-slikopleskarji-09-warm-soft; qa-slikopleskarji-10-industrial-plain; slikopleskarstvo-dejan-mavsar …,USED,Painter EU electrical boxes,Keep,professional painter painting interior wall warm light,Slikopleskar pri natančnem barvanju notranje stene v svetlem prostoru,https://k1dgldwcgd9jslu2.public.blob.vercel-storage.com/clients/soboslikarstvo-fasaderstvo-zibert/hero.avif,True,EU boxes
KEEP,85,pexels:3997359,,https://www.pexels.com/photo/white-red-and-blue-hanging-decor-3997359/,16,artep-manikira-petra; lakki-nails; lepotni-center-lcm; qa-nohti-pedikura-01-classic-split; qa-nohti-pedikura-02-editorial-type; qa-nohti-pedikura-03-photo-forward; qa-nohti-pedikura-04-stats-trust; qa-nohti-pedikura-05-minimal-line; qa-nohti-pedikura-06-service-grid; qa-nohti-pedikura-07-asymmetric-bold; qa-nohti-pedikura-08-dark-pro; qa-nohti-pedikura-09-warm-soft …,USED,Nail swatch fan,Keep,nail salon manicure professional interior,Strokovna nega in urejanje nohtov,https://k1dgldwcgd9jslu2.public.blob.vercel-storage.com/clients/valnailsstudio/services.avif,True,salon
KEEP,82,pexels:3997381,,https://www.pexels.com/photo/person-with-red-nail-polish-3997381/,16,artep-manikira-petra; nohtni-studio-mqueen; pro-pedis-medicinska; qa-nohti-pedikura-01-classic-split; qa-nohti-pedikura-02-editorial-type; qa-nohti-pedikura-03-photo-forward; qa-nohti-pedikura-04-stats-trust; qa-nohti-pedikura-05-minimal-line; qa-nohti-pedikura-06-service-grid; qa-nohti-pedikura-07-asymmetric-bold; qa-nohti-pedikura-08-dark-pro; qa-nohti-pedikura-09-warm-soft …,USED,Manicure UV lamp,Keep,nail salon manicure professional interior,Moderen salon za nohte v Ljubljani,https://k1dgldwcgd9jslu2.public.blob.vercel-storage.com/clients/valnailsstudio/hero.avif,True,none
KEEP,78,pexels:16574941,,https://www.pexels.com/photo/beauty-portrait-blonde-woman-applying-cosmetics-face-mask-on-face-16574941/,15,amalet-studio; kozmetika-mojca-pevec; masaze-lavanda-masazne; masazni-studio-fit; oaza-sonca-poslovno; qa-maserji-wellness-01-classic-split; qa-maserji-wellness-02-editorial-type; qa-maserji-wellness-03-photo-forward; qa-maserji-wellness-04-stats-trust; qa-maserji-wellness-05-minimal-line; qa-maserji-wellness-06-service-grid; qa-maserji-wellness-07-asymmetric-bold …,USED,Spa facial mask studio,Keep,professional skincare treatment spa tools copper clay aesthetic,Sprostitvena masaža v prijetnem ambientu,https://k1dgldwcgd9jslu2.public.blob.vercel-storage.com/clients/masaze-lavanda-masazne/hero.avif,True,studio
KEEP,72,pexels:32216281,,https://www.pexels.com/photo/modern-office-space-with-minimalist-design-32216281/,15,ciscenje-objektov-milomir; dani-dotik-danjela; masaze-lavanda-masazne; qa-maserji-wellness-01-classic-split; qa-maserji-wellness-02-editorial-type; qa-maserji-wellness-03-photo-forward; qa-maserji-wellness-04-stats-trust; qa-maserji-wellness-05-minimal-line; qa-maserji-wellness-06-service-grid; qa-maserji-wellness-07-asymmetric-bold; qa-maserji-wellness-08-dark-pro; qa-maserji-wellness-09-warm-soft …,USED,Modern office interior,Keep,deep cleaning service sparkling clean office interior,Terapevtska masaža za lajšanje napetosti,https://k1dgldwcgd9jslu2.public.blob.vercel-storage.com/clients/masaze-lavanda-masazne/services.avif,True,tech office
KEEP,86,pexels:37809576,,https://www.pexels.com/photo/detailing-expert-polishing-car-in-workshop-37809576/,15,avtokleparstvo-avtolicarstvo-stanislav; avtokleparstvo-drobni-kovinski; avtolicarstvo-dejan-koprivnikar; kraljic-janez-avtokleparstvo; m-k-avto; qa-avtokleparji-licarji-01-classic-split; qa-avtokleparji-licarji-02-editorial-type; qa-avtokleparji-licarji-03-photo-forward; qa-avtokleparji-licarji-04-stats-trust; qa-avtokleparji-licarji-05-minimal-line; qa-avtokleparji-licarji-06-service-grid; qa-avtokleparji-licarji-07-asymmetric-bold …,USED,PDR LHD EU vehicle,Keep,auto body shop car painting professional,Natančna avtoličarska in kleparska dela na avtomobilu,https://k1dgldwcgd9jslu2.public.blob.vercel-storage.com/clients/avtokleparstvo-avtolicarstvo-stanislav/services.avif,True,LHD
KEEP,86,pexels:6197122,,https://www.pexels.com/photo/man-cleaning-the-windows-6197122/,15,activ-cleaning-fuad; center-azijskih-masaz; ciscenje-vzdrzevanje-stavb; cistilni-servis-alnis; cistilni-servis-angelina; cistilni-servis-dobra; cistilni-servis-notranje; cistilni-servis-val; cistilnica-pucelj-kamnik; emasaze; healing-hands-masaze; kineziotaping-bandaze-masaze …,USED,Window cleaner CE setting,Keep,professional cleaning service sparkling clean modern interior natural light,Profesionalno čiščenje svetlih poslovnih in stanovanjskih prostorov,https://k1dgldwcgd9jslu2.public.blob.vercel-storage.com/clients/cistilni-servis-val/hero.avif,True,CE residential
KEEP,95,hash:d442a02c8adaab43,public/clients/frizerski-salon-jelka/services.jpg,local:public/clients/frizerski-salon-jelka/services.jpg,13,frizerski-salon-jelka; frizerski-salon-mojca-3; frizerski-studio-anemari-2; frizerski-studio-angelika; frizerski-studio-dejan; frizerski-studio-extreme; frizerski-studio-kim; frizerski-studio-m-2; frizerstvo-frfru-martina; frizerstvo-kitty-jozica; frizerstvo-tatjana-tatjana; frizerstvo-vesna-vuksinic …,USED,Professional shears detail; neutral,Keep,,Strokovno striženje in nega las,/clients/frizerski-salon-jelka/services.jpg,False,none
KEEP,90,pexels:32588555,,https://www.pexels.com/photo/technician-performing-air-conditioning-maintenance-32588555/,13,kaplja-vodovodne-andrej; qa-vodovodarji-ogrevanje-01-classic-split; qa-vodovodarji-ogrevanje-02-editorial-type; qa-vodovodarji-ogrevanje-03-photo-forward; qa-vodovodarji-ogrevanje-04-stats-trust; qa-vodovodarji-ogrevanje-05-minimal-line; qa-vodovodarji-ogrevanje-06-service-grid; qa-vodovodarji-ogrevanje-07-asymmetric-bold; qa-vodovodarji-ogrevanje-08-dark-pro; qa-vodovodarji-ogrevanje-09-warm-soft; qa-vodovodarji-ogrevanje-10-industrial-plain; vodovodne-instalacije-marjan …,USED,HVAC/heat-pump install,Keep,heating system maintenance professional,Vodovodni mojster pri popravilu inštalacij v kopalnici,https://k1dgldwcgd9jslu2.public.blob.vercel-storage.com/clients/vodovodne-instalacije-marjan/hero.avif,False,EU monter
KEEP,90,hash:40dedabb559151ce,public/clients/vulkanizerstvo-izdelava-kljucev/hero.jpg,local:public/clients/vulkanizerstvo-izdelava-kljucev/hero.jpg,11,qa-vulkanizerji-01-classic-split; qa-vulkanizerji-02-editorial-type; qa-vulkanizerji-03-photo-forward; qa-vulkanizerji-04-stats-trust; qa-vulkanizerji-05-minimal-line; qa-vulkanizerji-06-service-grid; qa-vulkanizerji-07-asymmetric-bold; qa-vulkanizerji-08-dark-pro; qa-vulkanizerji-09-warm-soft; qa-vulkanizerji-10-industrial-plain; vulkanizerstvo-izdelava-kljucev,USED,Tire racks warehouse,Keep,,Avtovulkanizerska delavnica z opremo za premontažo pnevmatik,/clients/vulkanizerstvo-izdelava-kljucev/hero.jpg,False,industrial
KEEP,88,hash:42b2d4380d7bc73f,public/clients/zakljucna-dela-v/services.jpg,local:public/clients/zakljucna-dela-v/services.jpg,11,qa-suhomontazerji-01-classic-split; qa-suhomontazerji-02-editorial-type; qa-suhomontazerji-03-photo-forward; qa-suhomontazerji-04-stats-trust; qa-suhomontazerji-05-minimal-line; qa-suhomontazerji-06-service-grid; qa-suhomontazerji-07-asymmetric-bold; qa-suhomontazerji-08-dark-pro; qa-suhomontazerji-09-warm-soft; qa-suhomontazerji-10-industrial-plain; zakljucna-dela-v,USED,Paint-splattered ladder renovation; neutral,Keep,,Pleskanje sten in zaključna dela v gradbeništvu,/clients/zakljucna-dela-v/services.jpg,False,renovation
KEEP,90,hash:435c29740613fbcd,public/clients/kozmeticni-salon-lila/services.jpg,local:public/clients/kozmeticni-salon-lila/services.jpg,11,kozmeticni-salon-lila; qa-kozmeticarji-01-classic-split; qa-kozmeticarji-02-editorial-type; qa-kozmeticarji-03-photo-forward; qa-kozmeticarji-04-stats-trust; qa-kozmeticarji-05-minimal-line; qa-kozmeticarji-06-service-grid; qa-kozmeticarji-07-asymmetric-bold; qa-kozmeticarji-08-dark-pro; qa-kozmeticarji-09-warm-soft; qa-kozmeticarji-10-industrial-plain,USED,Generic unbranded cream jar; neutral beauty,Keep,,Kozmetični pripomočki in urejen ambient za nego kože,/clients/kozmeticni-salon-lila/services.jpg,False,none
KEEP,85,hash:63497f544705598b,public/clients/zakljucna-dela-v/hero.jpg,local:public/clients/zakljucna-dela-v/hero.jpg,11,qa-suhomontazerji-01-classic-split; qa-suhomontazerji-02-editorial-type; qa-suhomontazerji-03-photo-forward; qa-suhomontazerji-04-stats-trust; qa-suhomontazerji-05-minimal-line; qa-suhomontazerji-06-service-grid; qa-suhomontazerji-07-asymmetric-bold; qa-suhomontazerji-08-dark-pro; qa-suhomontazerji-09-warm-soft; qa-suhomontazerji-10-industrial-plain; zakljucna-dela-v,USED,Painter at work; EU-plausible residential,Keep,,Slikopleskar pri delu v notranjosti prostora,/clients/zakljucna-dela-v/hero.jpg,False,EU residential
KEEP,82,hash:ab2219df15b89c03,public/clients/elvip-elektroinstalacije-podboj/hero.jpg,local:public/clients/elvip-elektroinstalacije-podboj/hero.jpg,11,elvip-elektroinstalacije-podboj; qa-elektricarji-01-classic-split; qa-elektricarji-02-editorial-type; qa-elektricarji-03-photo-forward; qa-elektricarji-04-stats-trust; qa-elektricarji-05-minimal-line; qa-elektricarji-06-service-grid; qa-elektricarji-07-asymmetric-bold; qa-elektricarji-08-dark-pro; qa-elektricarji-09-warm-soft; qa-elektricarji-10-industrial-plain,USED,Clear electrical install; EU Type F/C plug,,,Električar pri delu na sodobni električni napeljavi,/clients/elvip-elektroinstalacije-podboj/hero.jpg,False,EU Schuko plug
KEEP,95,hash:dbef51f8c346af80,public/clients/keramicarstvo-mubi-igor/hero.jpg,local:public/clients/keramicarstvo-mubi-igor/hero.jpg,11,keramicarstvo-mubi-igor; qa-keramicarji-01-classic-split; qa-keramicarji-02-editorial-type; qa-keramicarji-03-photo-forward; qa-keramicarji-04-stats-trust; qa-keramicarji-05-minimal-line; qa-keramicarji-06-service-grid; qa-keramicarji-07-asymmetric-bold; qa-keramicarji-08-dark-pro; qa-keramicarji-09-warm-soft; qa-keramicarji-10-industrial-plain,USED,Clean tile wall/floor detail,Keep,,Strokovno polaganje keramičnih ploščic v notranjih prostorih,/clients/keramicarstvo-mubi-igor/hero.jpg,False,EU interior
KEEP,88,hash:e491bbdea6bf3a6f,public/clients/elvip-elektroinstalacije-podboj/services.jpg,local:public/clients/elvip-elektroinstalacije-podboj/services.jpg,11,elvip-elektroinstalacije-podboj; qa-elektricarji-01-classic-split; qa-elektricarji-02-editorial-type; qa-elektricarji-03-photo-forward; qa-elektricarji-04-stats-trust; qa-elektricarji-05-minimal-line; qa-elektricarji-06-service-grid; qa-elektricarji-07-asymmetric-bold; qa-elektricarji-08-dark-pro; qa-elektricarji-09-warm-soft; qa-elektricarji-10-industrial-plain,USED,Neutral pendant lighting still,,,Strokovne elektroinštalacije in oprema,/clients/elvip-elektroinstalacije-podboj/services.jpg,False,modern lighting
KEEP,88,pexels:30303848,,https://www.pexels.com/photo/cozy-modern-beauty-parlor-interior-design-30303848/,11,cistilni-servis-zangor; qa-cistilni-servisi-01-classic-split; qa-cistilni-servisi-02-editorial-type; qa-cistilni-servisi-03-photo-forward; qa-cistilni-servisi-04-stats-trust; qa-cistilni-servisi-05-minimal-line; qa-cistilni-servisi-06-service-grid; qa-cistilni-servisi-07-asymmetric-bold; qa-cistilni-servisi-08-dark-pro; qa-cistilni-servisi-09-warm-soft; qa-cistilni-servisi-10-industrial-plain,USED,Modern nail salon interior,Keep,professional cleaning service modern bright office interior teal palette,Profesionalno čiščenje svetlih poslovnih prostorov,https://k1dgldwcgd9jslu2.public.blob.vercel-storage.com/clients/cistilni-servis-zangor/hero.avif,True,EU salon
KEEP,85,pexels:4315571,,https://www.pexels.com/photo/an-auto-mechanic-repairing-the-car-engine-4315571/,11,avtomehanika-godi-igor; avtomehanika-primoz-klancar; avtoservis-bacar; avtoservis-martincic-matjaz; avtoservis-spomenko-prpic; elektromehanika-marko-zupancic; mrd-avto-mojca; servis-popravilo-vozil; vzdrzevanje-motornih-vozil-2; vzdrzevanje-popravila-motornih-3; zavorni-servis-avtomehanika,USED,Engine service hands,Keep,auto mechanic working on car engine,Diagnostika napak na vozilu v delavnici,https://k1dgldwcgd9jslu2.public.blob.vercel-storage.com/clients/servis-popravilo-vozil/services.avif,True,none
KEEP,82,pexels:5711815,,https://www.pexels.com/photo/crop-woodworker-grinding-wooden-plank-5711815/,11,mizarstvo-podkriznik-matjaz; qa-mizarji-tesarji-01-classic-split; qa-mizarji-tesarji-02-editorial-type; qa-mizarji-tesarji-03-photo-forward; qa-mizarji-tesarji-04-stats-trust; qa-mizarji-tesarji-05-minimal-line; qa-mizarji-tesarji-06-service-grid; qa-mizarji-tesarji-07-asymmetric-bold; qa-mizarji-tesarji-08-dark-pro; qa-mizarji-tesarji-09-warm-soft; qa-mizarji-tesarji-10-industrial-plain,USED,Woodworking artisan,Keep,custom wooden furniture workshop craftsman woodworking dark mood,Mizarska delavnica z izdelavo pohištva po meri,https://k1dgldwcgd9jslu2.public.blob.vercel-storage.com/clients/mizarstvo-podkriznik-matjaz/hero.avif,True,craft
KEEP,90,pexels:7750101,,https://www.pexels.com/photo/vanity-mirror-with-black-rolling-chair-7750101/,11,qa-frizerji-01-classic-split; qa-frizerji-02-editorial-type; qa-frizerji-03-photo-forward; qa-frizerji-04-stats-trust; qa-frizerji-05-minimal-line; qa-frizerji-06-service-grid; qa-frizerji-07-asymmetric-bold; qa-frizerji-08-dark-pro; qa-frizerji-09-warm-soft; qa-frizerji-10-industrial-plain; studio-moj-frizer,USED,Modern hair salon station,Keep,modern hair salon interior natural light,Svetel in urejen ženski frizerski salon v Ljubljani,https://k1dgldwcgd9jslu2.public.blob.vercel-storage.com/clients/studio-moj-frizer/hero.avif,True,EU urban
KEEP,86,pexels:7750144,,https://www.pexels.com/photo/photo-of-a-black-chair-and-a-mirror-with-a-ring-light-7750144/,11,qa-frizerji-01-classic-split; qa-frizerji-02-editorial-type; qa-frizerji-03-photo-forward; qa-frizerji-04-stats-trust; qa-frizerji-05-minimal-line; qa-frizerji-06-service-grid; qa-frizerji-07-asymmetric-bold; qa-frizerji-08-dark-pro; qa-frizerji-09-warm-soft; qa-frizerji-10-industrial-plain; studio-moj-frizer,USED,Salon station minor English jar,Keep,modern hair salon interior natural light,Strokovne frizerske storitve barvanja in nege las,https://k1dgldwcgd9jslu2.public.blob.vercel-storage.com/clients/studio-moj-frizer/services.avif,True,SMOOTH jar
KEEP,84,pexels:4315574,,https://www.pexels.com/photo/person-in-black-long-sleeves-repairing-the-car-engine-4315574/,10,avtomehanika-godi-igor; avtomehanikagasper-petek; avtoservis-bacar; avtoservis-bojan-zagar; avtoservis-dobovsek; avtoservis-martincic-matjaz; avtoservis-spomenko-prpic; vzdrzevanje-grahek; vzdrzevanje-motornih-vozil-2; vzdrzevanje-popravila-motornih-3,USED,Engine service detail,Keep,auto mechanic working on car engine,Notranjnost avtoservisa z opremo za popravilo vozil,https://k1dgldwcgd9jslu2.public.blob.vercel-storage.com/clients/avtoservis-dobovsek/hero.avif,True,none
KEEP,87,pexels:8470679,,https://www.pexels.com/photo/a-man-repairing-a-car-8470679/,10,avtomehanika-bambic-gorazd; avtomehanika-mo-servis; avtomehanikagasper-petek; avtoservis-dobovsek; avtoservis-handa-eldin; avtoservis-skulj-klemen; fico-servis; tristan-auto-works; vzdrzevanje-popravilo-motornih-2; zenko-servisno-storitvena,USED,Indoor workshop mechanic,Keep,auto mechanic working on car engine,Notranjnost sodobne avtomehanične delavnice,https://k1dgldwcgd9jslu2.public.blob.vercel-storage.com/clients/avtomehanika-bambic-gorazd/hero.avif,True,EU garage
KEEP,92,pexels:8986105,,https://www.pexels.com/photo/a-serviceman-in-blue-coverall-standing-under-a-vehicle-and-fixing-it-8986105/,10,avto-galjot-avtoservis; avtocenter-elite; avtomehanika-primoz-klancar; avtoservis-skulj-klemen; avtoservis-stefko-stefan; mehanika-bodlaj-druzba; vzdrzevanje-grahek; vzdrzevanje-popravila-motornih; vzdrzevanje-popravilo-motornih; zenko-servisno-storitvena,USED,Professional lift bay,Keep,car repair shop professional mechanic,Avtomehanik med delom na motorju avtomobila v delavnici,https://k1dgldwcgd9jslu2.public.blob.vercel-storage.com/clients/vzdrzevanje-popravila-motornih/hero.avif,True,EU garage
KEEP,88,hash:311bbf0150808c14,public/clients/frizerski-salon-edita/services.jpg,local:public/clients/frizerski-salon-edita/services.jpg,9,frizerski-salon-edita; frizerski-salon-karmen; frizerski-salon-klara; frizerski-salon-larisa; frizerski-salon-neva; frizerski-studio-simona; frizerski-studio-sonce; frizerski-studior-ruzica; milimeter-frizerski-salon,USED,Clipper work salon,Keep,,Strokovno urejanje in barvanje las v svetalem frizerskem salonu,/clients/frizerski-studio-simona/services.jpg,False,salon
KEEP,86,hash:d53b0af40c6ddfa7,public/clients/elektromont-elektro-druge/services.jpg,local:public/clients/elektromont-elektro-druge/services.jpg,9,elektromont-elektro-druge; frizerski-salon-branka; frizerski-salon-erika; frizerski-salon-ivan; frizerski-salon-nada; frizerski-studio-soul; frizerstvo-erna-tesnjak; vulkanizerstvo-andrej-kaluza; zuri-hair-beauty,USED,Blow-dry styling,Keep,,Orodje za elektroinštalacije in gradbena dela,/clients/elektromont-elektro-druge/services.jpg,False,salon
KEEP,90,pexels:16898979,,https://www.pexels.com/photo/men-climbing-and-cleaning-windows-16898979/,9,briljant-lesk-cistilni; cistilni-servis-angelina; cistilni-servis-urga; express-kemicna-cistilnica; iona-cistilni-servis; nadka-cistilni-servis; natancna-cistilni-servis; splosno-ciscenje-stavb; vzdrzevanje-objektov-mix,USED,Rope-access window cleaning,Keep,professional office cleaning service worker,Globinsko čiščenje in urejanje čistih bivalnih prostorov,https://k1dgldwcgd9jslu2.public.blob.vercel-storage.com/clients/natancna-cistilni-servis/services.avif,False,commercial facade
KEEP,88,pexels:30875661,,https://www.pexels.com/photo/window-cleaners-working-on-high-rise-building-facade-30875661/,9,cistilni-servis-soncek; ekea-alma-nuhanovic; express-kemicna-cistilnica; gaga-cistilni-servis; h-m-cistilni; hisnik-toni-vzdrzevanje; serif-ciscenje-miran; splosno-ciscenje-stavb-2; vzdrzevanje-objektov-ciscenje,USED,Facade rope-access cleaning,Keep,professional office cleaning service worker,Profesionalno čiščenje svetle pisarne v Ljubljani,https://k1dgldwcgd9jslu2.public.blob.vercel-storage.com/clients/serif-ciscenje-miran/hero.avif,False,CE commercial
KEEP,88,pexels:8985967,,https://www.pexels.com/photo/man-in-blue-coverall-standing-near-a-car-8985967/,9,avtocenter-litija-zlato; avtoelektrika-grega-cvirn; avtomehanika-klemen-peklaj; avtomehanika-mirko-pirc; avtonega; avtoservis-brojan; iztok-piciga; vzdrzevanje-popravila-motornih-2; walter-mobile-avtoservis,USED,Mechanic portrait blue overalls,Keep,professional car mechanic working in bright workshop interior,Orodja za diagnostiko in popravilo vozil,https://k1dgldwcgd9jslu2.public.blob.vercel-storage.com/clients/iztok-piciga/services.avif,True,EU garage
KEEP,80,pexels:9462192,,https://www.pexels.com/photo/woman-in-black-shirt-holding-white-and-blue-sprayer-bottle-9462192/,9,bm-cistilni-servis; ciscenje-brusenje-poliranje; cistilni-servis-fata; hisniske-ciscenje-edis; jasna-popovic-ciscenje; maf-perfection-cleaning; senikor-ciscenje; splosno-ciscenje-stavb-2; ziki-ciscenje-zikret,USED,Cleaner portrait neutral,Keep,professional office cleaning service worker,Brušenje in poliranje pločevine,https://k1dgldwcgd9jslu2.public.blob.vercel-storage.com/clients/ciscenje-brusenje-poliranje/services.avif,False,none
KEEP,82,pexels:4677846,,https://www.pexels.com/photo/nail-stylist-removing-cuticles-4677846/,8,bona-nails; diamond-spamanicure; manikura-anela-mujetic; mika-pedikura; pedikura-spela-zajc; queens-nails-maja; studio-kg-nohti; studio-nsk-pedikura,USED,Manicure close-up,Keep,nail salon manicure professional interior,Strokovna manikura in nega nohtov,https://k1dgldwcgd9jslu2.public.blob.vercel-storage.com/clients/studio-kg-nohti/services.avif,True,salon
KEEP,86,pexels:6628520,,https://www.pexels.com/photo/settee-by-the-window-6628520/,8,lotos-spa; masazni-studio-fit; sense-mobilna-masaza; taurus-masazni-salon; trgovinica-perla; v-dobrih-rokah; versal-masazni-salon; vrste-masaz,USED,Empty massage room CE,Keep,massage therapy spa wellness room,Sproščujoče masaže in pripomočki za dobro počutje,https://k1dgldwcgd9jslu2.public.blob.vercel-storage.com/clients/v-dobrih-rokah/services.avif,True,CE spa
KEEP,84,pexels:6628613,,https://www.pexels.com/photo/a-woman-having-a-massage-6628613/,8,energija-vzhoda-masazni; harmonia-vitae-zvocne; kozmeticni-masazni-studio; masazni-salon-forever; masazni-salon-zarja; svet-refleksoterapije; versal-masazni-salon; vrste-masaz,USED,Massage in progress,Keep,massage therapy spa wellness room,Sprostitvena masaža in refleksoterapija za ravnovesje telesa,https://k1dgldwcgd9jslu2.public.blob.vercel-storage.com/clients/svet-refleksoterapije/services.avif,True,spa
KEEP,80,hash:a6a174e1ebb51297,public/clients/bors-zakljucna-gradbena/hero.jpg,local:public/clients/bors-zakljucna-gradbena/hero.jpg,7,bors-zakljucna-gradbena; gradbenistvokeramicarstvo-joze-macedoni; keramicarstvo-ajvaz-rama; keramicarstvo-senad-besirevic; keramicarstvo-stanislav-radovicevic; keramicarstvo-tadej-potocnik; keramicarstvo-zidarstvo-stanic,USED,Finished bathroom tiling,Keep,,Strokovno polaganje keramičnih ploščic v modernem prostoru,/clients/keramicarstvo-stanislav-radovicevic/hero.jpg,False,EU bathroom
KEEP,93,pexels:3735653,,https://www.pexels.com/photo/artificial-nail-samples-3735653/,7,jarmila-nails-izdelava; k-luxe-nails; lepotni-center-lcm; manikira-urban-spa; medicinska-pedikura-irena; studio-binails-albina; studio-lady-oblikovanje,USED,Nail swatch fan,Keep,nail salon manicure professional interior,Strokovna nega nohtov in kože v sproščujočem ambientu,https://k1dgldwcgd9jslu2.public.blob.vercel-storage.com/clients/manikira-urban-spa/services.avif,True,salon
KEEP,84,pexels:3997350,,https://www.pexels.com/photo/woman-in-black-long-sleeve-shirt-dong-manicure-3997350/,7,jarmila-nails-izdelava; lakki-nails; manikira-urban-spa; medicinska-pedikura-irena; medicinska-pedikura-pancur; studio-binails-albina; studio-lady-oblikovanje,USED,Manicurist station,Keep,nail salon manicure professional interior,Sodoben in svetel salon za nego nohtov v Ljubljani,https://k1dgldwcgd9jslu2.public.blob.vercel-storage.com/clients/manikira-urban-spa/hero.avif,True,PPE
KEEP,87,pexels:4677859,,https://www.pexels.com/photo/woman-in-a-lace-top-wearing-gloves-holding-a-person-s-finger-4677859/,7,bona-nails; diamond-spamanicure; manikura-anela-mujetic; mika-pedikura; queens-nails-maja; studio-nsk-pedikura; velay-beauty,USED,Manicurist e-file,Keep,nail salon manicure professional interior,Nega in urejanje nohtov v salonu,https://k1dgldwcgd9jslu2.public.blob.vercel-storage.com/clients/manikura-anela-mujetic/services.avif,True,EU salon
KEEP,85,pexels:6628599,,https://www.pexels.com/photo/a-woman-having-a-massage-6628599/,7,center-azijskih-masaz; emasaze; healing-hands-masaze; jaa-refleksna-masaza; masaza-mojca-vinko; taurus-masazni-salon; trgovinica-perla,USED,Massage loft spa,Keep,massage therapy spa wellness room,Masažne storitve in lajšanje bolečin,https://k1dgldwcgd9jslu2.public.blob.vercel-storage.com/clients/healing-hands-masaze/services.avif,True,industrial spa
KEEP,85,hash:33e6c1fe1301e6af,public/clients/frizerski-salon-katja-2/services.jpg,local:public/clients/frizerski-salon-katja-2/services.jpg,6,frizerski-salon-katja; frizerski-salon-katja-2; frizerski-salon-renata; frizerski-salon-simicak; frizerstvo-tamara-kaluza; siviljstvo-tanja-tanja,USED,Hair portrait,Keep,,Strokovno striženje in urejanje pričesk v prijetnem ambientu,/clients/frizerski-salon-renata/services.jpg,False,studio
KEEP,88,hash:48413c51a6c26dfe,public/clients/frizerske-mile-vujnic/services.jpg,local:public/clients/frizerske-mile-vujnic/services.jpg,6,frizerske-mile-vujnic; frizerski-salon-damjana; frizerski-studio-simona-2; frizerstvo-plesko-branka; modno-frizerstvo-nena; salon-zate-frizerstvo,USED,Salon chair icon,Keep,,Strokovno barvanje in stilsko oblikovanje las,/clients/salon-zate-frizerstvo/services.jpg,False,studio
KEEP,92,hash:5c7bac72a205f4b9,public/clients/keramicarstvo-ajvaz-rama/services.jpg,local:public/clients/keramicarstvo-ajvaz-rama/services.jpg,6,keramicarstvo-ajvaz-rama; keramicarstvo-buci-bostjan; keramicarstvo-miklavz-anton; keramicarstvo-senad-besirevic; keramicarstvo-stanislav-radovicevic; keramicarstvo-zidarstvo-stanic,USED,Subway tile backsplash,Keep,,Kakovostna adaptacija kopalnice in polaganje keramike,/clients/keramicarstvo-stanislav-radovicevic/services.jpg,False,none
KEEP,93,hash:b053fac01aa1835f,public/clients/epiks-frizerski-salon/hero.jpg,local:public/clients/epiks-frizerski-salon/hero.jpg,6,epiks-frizerski-salon; frizerski-atelje-b; frizerski-salon-daymont; frizerstvo-tatjana-tatjana; havajana-frizersko-lepotilni; minale-pe-frizerski,USED,Salon floor stations,Keep,,Topel in eleganten frizerski salon v Novem mestu z naravno svetlobo,/clients/havajana-frizersko-lepotilni/hero.jpg,False,EU salon
KEEP,92,hash:ba3dd9ff2c3a7423,public/clients/frizerki-salon-sabina/hero.jpg,local:public/clients/frizerki-salon-sabina/hero.jpg,6,frizerki-salon-sabina; frizerski-salon-adrijana; frizerski-salon-katja; frizerski-salon-klara; frizerski-studior-ruzica; siviljstvo-tanja-tanja,USED,Colored hair styling,Keep,,Topel in prijeten interior frizerskega salona Klara v Pivki,/clients/frizerski-salon-klara/hero.jpg,False,salon
KEEP,86,pexels:38218175,,https://www.pexels.com/photo/sleek-red-car-in-modern-garage-setting-38218175/,6,am-janc-avtokleparstvo; avtomehanik-benjamin-narobe; avtostoritve-omejec-luka; avtovleka-tomaz-stangelj; don-avtokleparstvo-licarstvo; prodaja-rabljenih-vozil,USED,EU hatchback detailing bay,Keep,car painting and body repair workshop professional tools,Natančno lakiranje in popravilo karoserije avtomobila,https://k1dgldwcgd9jslu2.public.blob.vercel-storage.com/clients/don-avtokleparstvo-licarstvo/services.avif,True,EU hatchback
KEEP,92,hash:0b59cb68388c4cf4,public/clients/keramicarska-zakljucna-dela/hero.jpg,local:public/clients/keramicarska-zakljucna-dela/hero.jpg,5,keramicarska-zakljucna-dela; keramicarstvo-berlec; keramicarstvo-dejan-sek; keramicarstvo-ljubo-ljubomir; keramicarstvodekorativni-kamen-robert,USED,Dark large-format tile finish,Keep,,Strokoven keramičar pri polaganju keramike,/clients/keramicarstvo-ljubo-ljubomir/hero.jpg,False,bathroom
KEEP,90,hash:55bec1020cf14c0c,public/clients/frizerski-salon-manis/services.jpg,local:public/clients/frizerski-salon-manis/services.jpg,5,frizerski-salon-manis; frizerski-salon-masa; frizerstvo-andreja-frank; frizerstvo-brigita-brigita; valentina-frizerski-salon,USED,Curling wand styling,Keep,,Strokovno barvanje in striženje las,/clients/frizerstvo-andreja-frank/services.jpg,False,none
KEEP,90,hash:d67956dd32754ed4,public/clients/epiks-frizerski-salon/services.jpg,local:public/clients/epiks-frizerski-salon/services.jpg,5,epiks-frizerski-salon; frizerski-atelje-b; frizerski-salon-cut4u; frizerski-salon-daymont; mv-hd-frizerski,USED,Hair result close-up,Keep,,Strokovno barvanje in stilsko oblikovanje las v urejenem salonu,/clients/frizerski-salon-cut4u/services.jpg,False,none
KEEP,88,pexels:11139239,,https://www.pexels.com/photo/man-buffing-the-paint-of-the-car-11139239/,5,avtokleparstvo-bogdan-dolenc; avtokleparstvo-vinsek-ales; avtolicarstvo-dejan-koprivnikar; avtolicarstvo-druge-igor; avtolicarstvo-podrzaj-skofljica,USED,Polishing hatchback,Keep,auto body shop car painting professional,Sodobna avtoličarska delavnica za barvanje vozil,https://k1dgldwcgd9jslu2.public.blob.vercel-storage.com/clients/avtolicarstvo-dejan-koprivnikar/hero.avif,True,EU detailing
KEEP,90,pexels:32791637,,https://www.pexels.com/photo/modern-minimalist-living-room-interior-design-32791637/,5,dina-cistilni-servis; mavitas-cistilni-servis; mgs-cistilni-servis; sinergija-masazna-terapija; studio-verde,USED,Clean modern living result,Keep,deep cleaning service sparkling clean modern living room,Izvajanje terapevtske masaže za lajšanje napetosti,https://k1dgldwcgd9jslu2.public.blob.vercel-storage.com/clients/sinergija-masazna-terapija/services.avif,True,EU interior
KEEP,91,pexels:35149611,,https://www.pexels.com/photo/auto-body-repair-in-garage-with-tools-35149611/,5,avtokleparstvo-avtolicarstvo-branko; avtokleparstvo-igor-oblak; avtokleparstvo-parkelj-janez; avtolicarstvo-persin-vzdrzevanje; resos-avtovleka-avtokleparstvo,USED,PDR glue-pull detail,Keep,car dent repair bodywork garage,Orodja in oprema za avtokleparska in avtoličarska dela,https://k1dgldwcgd9jslu2.public.blob.vercel-storage.com/clients/avtokleparstvo-parkelj-janez/services.avif,True,PDR tools
KEEP,89,pexels:6870314,,https://www.pexels.com/photo/person-using-paint-spray-gun-6870314/,5,avtokleparstvo-avtolicarstvo-branko; avtokleparstvo-parkelj-janez; avtokleparstvo-vzdrzevanje-vozil; avtolicarstvo-podrzaj-skofljica; m-k-avto,USED,Spray-gun paint booth,Keep,auto body shop car painting professional,Notranjost sodobne avtokleparske delavnice z naravno svetlobo,https://k1dgldwcgd9jslu2.public.blob.vercel-storage.com/clients/avtokleparstvo-parkelj-janez/hero.avif,True,3M cup
KEEP,83,pexels:7019362,,https://www.pexels.com/photo/male-auto-mechanic-working-on-car-shop-7019362/,5,avtomehanik-benjamin-narobe; avtostoritve-omejec-luka; prodaja-rabljenih-vozil; vzdrzevanje-motornih-vozil; vzdrzevanje-vozil-branko,USED,Mechanic cylinder head,Keep,professional auto mechanic working in dark modern garage workshop,Avtomehanik pri delu v sodobni delavnici,https://k1dgldwcgd9jslu2.public.blob.vercel-storage.com/clients/avtostoritve-omejec-luka/hero.avif,True,EU workshop
KEEP,94,hash:5fa7b3e89a6b5383,public/clients/frizerski-salon-adrijana/services.jpg,local:public/clients/frizerski-salon-adrijana/services.jpg,4,frizerski-salon-adrijana; frizerski-salon-matea; frizerski-studio-red; zensko-frizerstvo-znidaric,USED,Salon reception SumUp,Keep,,Strokovne frizerske storitve in barvanje las v prijetnem ambientu,/clients/zensko-frizerstvo-znidaric/services.jpg,False,SumUp
KEEP,84,hash:76a60087c07d94da,public/clients/elca-servisno-proizvodno/hero.jpg,local:public/clients/elca-servisno-proizvodno/hero.jpg,4,elca-servisno-proizvodno; elektromont-elektro-druge; elektrotehnika-puntar-slavko; wise-electronics,USED,Ladder tradesperson,Keep,,Električar pri delu na električni omarici v objektu,/clients/elektromont-elektro-druge/hero.jpg,False,EU workwear
KEEP,92,pexels:17056219,,https://www.pexels.com/photo/close-up-of-making-pedicure-with-tongs-17056219/,4,pedikerski-salon-brigita; pedikuramanikura-jozica-florjancic; studio-lepih-nohtov; studio-sonja-sonja,USED,Clean pedicure cuticle-nipper close-up,Keep,pedicure spa treatment close up,Sproščujoč in čist salon za nego stopal v Mariboru,https://k1dgldwcgd9jslu2.public.blob.vercel-storage.com/clients/pedikuramanikura-jozica-florjancic/hero.avif,False,none
KEEP,90,pexels:17056220,,https://www.pexels.com/photo/woman-getting-pedicure-done-17056220/,4,pedikerski-salon-brigita; pedikuramanikura-jozica-florjancic; studio-lepih-nohtov; studio-sonja-sonja,USED,Pink toenail polish application,Keep,pedicure spa treatment close up,Strokovna manikura in nega rok ter nohtov,https://k1dgldwcgd9jslu2.public.blob.vercel-storage.com/clients/pedikuramanikura-jozica-florjancic/services.avif,False,none
KEEP,88,pexels:37809560,,https://www.pexels.com/photo/young-mechanic-polishing-a-red-car-in-workshop-37809560/,4,avtokleparstvo-drobni-kovinski; avtokleparstvo-licarstvo-g; avtokleparstvo-zalaznik-andrej; avtolicarstvo-vlecna-sluzba,USED,Red-car polishing workshop,Keep,auto body shop car painting professional,Avtokleparska delavnica in popravilo vozil v Kamniku,https://k1dgldwcgd9jslu2.public.blob.vercel-storage.com/clients/avtokleparstvo-zalaznik-andrej/hero.avif,True,EU workshop
KEEP,87,pexels:37809561,,https://www.pexels.com/photo/man-polishing-a-red-car-in-garage-37809561/,4,alboni-avtokleparstvo-borut; avtokleparstvo-licarstvo-g; avtolicarstvo-avtokleparstvo; avtolicarstvo-vlecna-sluzba,USED,Polishing series detailing craft,Keep,auto body shop car painting professional,Avtoklepar pri natančnem popravilu karoserije osebnega vozila,https://k1dgldwcgd9jslu2.public.blob.vercel-storage.com/clients/alboni-avtokleparstvo-borut/services.avif,True,EU garage
KEEP,88,hash:3de583717828c15c,public/clients/keramicarstvo-mitja-necemer/hero.jpg,local:public/clients/keramicarstvo-mitja-necemer/hero.jpg,3,keramicarstvo-mitja-necemer; keratop-keramicarstvo-radoslav; polaganje-keramike-pecnic,USED,Material samples craft,Keep,,Polaganje keramike in zaključna dela,/clients/keramicarstvo-mitja-necemer/hero.jpg,False,none
KEEP,85,hash:3ea454c6f66696e1,public/clients/frizerski-studio-alla/services.jpg,local:public/clients/frizerski-studio-alla/services.jpg,3,frizerski-studio-alla; frizerstvo-melita-melita; natura-frizura,USED,Premium salon stations,Keep,,Frizerske storitve striženja in barvanja las v urejenem salonu,/clients/frizerski-studio-alla/services.jpg,False,EU salon
KEEP,92,hash:4693ad87b7ea44d5,public/clients/keramicarstvo-dejan-sek/services.jpg,local:public/clients/keramicarstvo-dejan-sek/services.jpg,3,keramicarstvo-dejan-sek; keramicarstvo-ljubo-ljubomir; keramicarstvo-sergej-mikolic,USED,Modern bathroom tiles,Keep,,Natančno položene keramične ploščice in kamniti detajli,/clients/keramicarstvo-sergej-mikolic/services.jpg,False,EU bathroom
KEEP,90,hash:4c714a1017b7c933,public/clients/gradbenistvokeramicarstvo-joze-macedoni/services.jpg,local:public/clients/gradbenistvokeramicarstvo-joze-macedoni/services.jpg,3,gradbenistvokeramicarstvo-joze-macedoni; polaganje-keramike-kamna-2; polaganje-keramike-pecnic,USED,Vanity tile detail,Keep,,Natančno polaganje ploščic in keramičarska dela,/clients/gradbenistvokeramicarstvo-joze-macedoni/services.jpg,False,luxury bathroom
KEEP,94,hash:821eb2cbd8a60659,public/clients/keramicarstvo-asmir-bajramovic/hero.jpg,local:public/clients/keramicarstvo-asmir-bajramovic/hero.jpg,3,keramicarstvo-asmir-bajramovic; keramicarstvo-marko-novak; keramicarstvo-prevec-simon,USED,Bathroom install,Keep,,Polaganje keramike in prenova kopalnice v Postojni,/clients/keramicarstvo-asmir-bajramovic/hero.jpg,False,Scandi bathroom
KEEP,78,hash:9808d96db69b0adf,public/clients/bors-zakljucna-gradbena/services.jpg,local:public/clients/bors-zakljucna-gradbena/services.jpg,3,bors-zakljucna-gradbena; keramicarstvo-miha-seme; keramicarstvo-mitja-necemer,USED,Wet-room finish detail,Keep,,Adaptacija kopalnic in polaganje ploščic,/clients/keramicarstvo-mitja-necemer/services.jpg,False,none
KEEP,90,hash:c349b70c4bd83ae1,public/clients/frizersko-lepotni-studio/services.jpg,local:public/clients/frizersko-lepotni-studio/services.jpg,3,frizersko-lepotni-studio; frizerstvo-jozica-jozica; minale-pe-frizerski,USED,Hair-result portrait,Keep,,"Strokovno striženje, barvanje in nega las v prijetnem salonu",/clients/minale-pe-frizerski/services.jpg,False,beauty
KEEP,88,pexels:15202934,,https://www.pexels.com/photo/beautician-working-by-table-15202934/,3,k-luxe-nails; valy-nohtek-manikura; velay-beauty,USED,Nail tech at glass station,Keep,nail salon manicure professional interior,Notranjost modernega salona za nohte,https://k1dgldwcgd9jslu2.public.blob.vercel-storage.com/clients/velay-beauty/hero.avif,False,modern salon
KEEP,92,pexels:29877719,,https://www.pexels.com/photo/professional-manicure-process-in-polish-salon-29877719/,3,lahek-korak-tamara; liara-beauty-house; pro-pedis-medicinska,USED,E-file manicure pink gloves,Keep,professional skincare facial treatment and manicure delicate warm lighting,Strokovna nega obraza in lepotni tretmaji v sproščenem vzdušju,https://k1dgldwcgd9jslu2.public.blob.vercel-storage.com/clients/liara-beauty-house/services.avif,True,none
KEEP,86,pexels:35290675,,https://www.pexels.com/photo/focused-technician-working-with-water-pump-35290675/,3,3ici-install-vodovodne; vodovodar-ljubljana; vodovodne-instalacije-asmir,USED,Technician pump/hose assembly,Keep,plumber working on pipes installation,Vodovodni inštalater pri delu v moderni kopalnici,https://k1dgldwcgd9jslu2.public.blob.vercel-storage.com/clients/vodovodne-instalacije-asmir/hero.avif,False,workshop
KEEP,93,pexels:3997384,,https://www.pexels.com/photo/person-with-red-nail-polish-3997384/,3,nohtni-studio-mqueen; studio-kg-nohti; valy-nohtek-manikura,USED,Glossy red manicure result,Keep,nail salon manicure professional interior,Sodoben in urejen salon za nego nohtov v Mariboru,https://k1dgldwcgd9jslu2.public.blob.vercel-storage.com/clients/studio-kg-nohti/hero.avif,False,none
KEEP,84,pexels:4599377,,https://www.pexels.com/photo/a-masseuse-massaging-a-persons-back-4599377/,3,master-class-tecaji; sana-massage; vitana-sasa-memon,USED,Back-massage service,Keep,massage therapy spa wellness room,Sproščujoč ambient masažnega salona z naravno svetlobo,https://k1dgldwcgd9jslu2.public.blob.vercel-storage.com/clients/vitana-sasa-memon/hero.avif,False,shoji spa
KEEP,91,pexels:5691536,,https://www.pexels.com/photo/unrecognizable-handyman-with-ruler-near-heating-system-at-home-5691536/,3,4mvodovodne-instalacije-matic; peteks-vodovodne-instalacije; vodovodne-instalacije-montaza,USED,Radiator/heating service,Keep,plumber working on pipes installation,Vodovodni mojster pri delu na inštalacijah v kopalnici,https://k1dgldwcgd9jslu2.public.blob.vercel-storage.com/clients/peteks-vodovodne-instalacije/hero.avif,False,EU heating
KEEP,88,pexels:5691597,,https://www.pexels.com/photo/man-painting-walls-in-new-apartment-5691597/,3,dragan-novarlic-prevozne; pleskarstvo-tomaz-cimperman; slikopleskarstvo-tasev,USED,Interior wall painting,Keep,professional painter interior wall painting dark mood emerald light,Slikopleskar pri natančnem pleskanju stene,https://k1dgldwcgd9jslu2.public.blob.vercel-storage.com/clients/dragan-novarlic-prevozne/hero.avif,False,EU renovation
KEEP,94,pexels:6628647,,https://www.pexels.com/photo/a-woman-having-a-massage-6628647/,3,harmonia-vitae-zvocne; masazni-salon-forever; svet-refleksoterapije,USED,Bright modern massage loft,Keep,massage therapy spa wellness room,Strokovna refleksoterapija stopal v mirnem ambientu,https://k1dgldwcgd9jslu2.public.blob.vercel-storage.com/clients/svet-refleksoterapije/hero.avif,False,EU spa
KEEP,90,pexels:7755142,,https://www.pexels.com/photo/nail-polish-on-wooden-shelves-7755142/,3,nails-by-me; nailsbeauty; pedikura-kozmetika-bizjak,USED,Nail-polish wall salon atmosphere,Keep,elegant nail salon interior dusty rose aesthetic lighting,Strokovna manikura in nega rok v kozmetičnem salonu,https://k1dgldwcgd9jslu2.public.blob.vercel-storage.com/clients/nailsbeauty/services.avif,True,modern salon
KEEP,88,pexels:7755549,,https://www.pexels.com/photo/woman-getting-her-toenails-done-7755549/,3,lahek-korak-tamara; nailsbeauty; pedikura-kozmetika-bizjak,USED,Full pedicure session,Keep,warm medical pedicure foot care salon interior natural light,Notranjost sodobnega salona za nego nohtov v Ljubljani,https://k1dgldwcgd9jslu2.public.blob.vercel-storage.com/clients/nailsbeauty/hero.avif,True,modern salon
KEEP,95,hash:177ae53da38d0e64,public/clients/vulkanizerstvo-mitja-kocevar/hero.jpg,local:public/clients/vulkanizerstvo-mitja-kocevar/hero.jpg,2,vulkanizerstvo-mitja-kocevar; vulkanizerstvo-rok-kompara,USED,Tire/garage scene,Keep,,Strokovne vulkanizerske storitve v delavnici,/clients/vulkanizerstvo-mitja-kocevar/hero.jpg,False,EU garage
KEEP,88,hash:1f644e96ab069299,public/clients/barber-luani/services.jpg,local:public/clients/barber-luani/services.jpg,2,barber-luani; old-school-frizerski,USED,Wahl clipper kit; neutral,,,Striženje las in urejanje pričeske v frizerskem salonu,/clients/old-school-frizerski/services.jpg,False,Wahl
KEEP,86,hash:21f471ff46d2aa5f,public/clients/frizer-bostjan-lustek/services.jpg,local:public/clients/frizer-bostjan-lustek/services.jpg,2,frizer-bostjan-lustek; frizerski-studio-diva,USED,Hair portrait,Keep,,Strokovne frizerske storitve barvanja in striženja las,/clients/frizerski-studio-diva/services.jpg,False,none
KEEP,88,hash:3d00b94cffaacb52,public/clients/beauty-by-spela/hero.jpg,local:public/clients/beauty-by-spela/hero.jpg,2,beauty-by-spela; lamia-lepotni-studio,USED,Manicure workstation typical SI boutique,,,Topel in eleganten lepotni studio v Novem mestu z naravno svetlobo,/clients/lamia-lepotni-studio/hero.jpg,False,EU beauty studio
KEEP,88,hash:53b2d14f55944c07,public/clients/frizerske-mile-vujnic/hero.jpg,local:public/clients/frizerske-mile-vujnic/hero.jpg,2,frizerske-mile-vujnic; frizerstvo-melita-melita,USED,Salon mirror portrait,Keep,,Sproščujoč in svetel ambient frizerskega salona z naravno svetlobo,/clients/frizerstvo-melita-melita/hero.jpg,False,EU salon
KEEP,84,hash:a6708756383c9c25,public/clients/beauty-by-spela/services.jpg,local:public/clients/beauty-by-spela/services.jpg,2,beauty-by-spela; lamia-lepotni-studio,USED,Nail service close-up,,,Strokovna nega nohtov in manikura v lepotnem studiu,/clients/lamia-lepotni-studio/services.jpg,False,E.Mi branding
KEEP,78,hash:a9d9935732b65650,public/clients/keramicarstvo-ales-kucic/hero.jpg,local:public/clients/keramicarstvo-ales-kucic/hero.jpg,2,keramicarstvo-ales-kucic; polaganje-keramike-kamna-2,USED,Large-format tiled wall/vanity; EU switch plate,,,Keramičar polaga keramične ploščice v sodobnem prostoru,/clients/keramicarstvo-ales-kucic/hero.jpg,False,EU switch
KEEP,95,hash:b086507f00e1f7c4,public/clients/lepotni-studio-aida/services.jpg,local:public/clients/lepotni-studio-aida/services.jpg,2,lepotni-studio-aida; luxiaz-beauty-salon,USED,E-file manicure,Keep,,Storitve nege obraza in urejanja nohtov v prijetnem salonu,/clients/lepotni-studio-aida/services.jpg,False,nail station
KEEP,95,hash:f0bfa6cce8975541,public/clients/lepotni-studio-aida/hero.jpg,local:public/clients/lepotni-studio-aida/hero.jpg,2,lepotni-studio-aida; luxiaz-beauty-salon,USED,Manicure + treatment room,Keep,,Sproščeni in elegantni ambient lepotnega studia v Novem mestu,/clients/lepotni-studio-aida/hero.jpg,False,beauty interior
KEEP,88,pexels:1895701,,https://www.pexels.com/photo/salon-chair-beside-oil-heater-in-front-of-mirror-inside-room-1895701/,2,adrijana-srebot; frizerski-salon-luna,USED,Industrial barber station,Keep,warm hair salon interior cozy lighting postojna,Notranjost toplega in domačega frizerskega salona z naravno svetlobo,/clients/adrijana-srebot/hero.avif,True,EU salon
KEEP,93,pexels:6474135,,https://www.pexels.com/photo/a-man-in-white-shirt-painting-a-house-6474135/,2,slikopleskarstvo-denis-vehabovic; slikopleskarstvo-fasaderstvo-cveto,USED,Plastering EU flush box,Keep,house painter working on wall interior,Pleskanje sten in stropov z visokokakovostnimi materiali v urejenem prostoru,https://k1dgldwcgd9jslu2.public.blob.vercel-storage.com/clients/slikopleskarstvo-denis-vehabovic/services.avif,False,EU drywall
KEEP,95,pexels:6870316,,https://www.pexels.com/photo/a-man-wearing-blue-uniform-holding-a-car-tire-6870316/,2,vulkanizerstvo; vulkanizerstvo-metod-globokar,USED,Mechanic tire EU hatchback,Keep,tire shop mechanic changing tire,Mehanik med centriranjem in menjavo pnevmatik,https://k1dgldwcgd9jslu2.public.blob.vercel-storage.com/clients/vulkanizerstvo/services.avif,True,EU workwear
KEEP,88,hash:03aa33ce1b4cfa9e,public/clients/umivalniki-dreams-obdelava/hero.jpg,local:public/clients/umivalniki-dreams-obdelava/hero.jpg,1,umivalniki-dreams-obdelava,USED,Luxury marble bathroom sinks,Keep,,Moderna prenova kopalnice s polaganjem ploščic v Novem mestu,/clients/umivalniki-dreams-obdelava/hero.jpg,False,luxury
KEEP,94,hash:055945df35533855,public/clients/keramicarstvo-buci-bostjan/hero.jpg,local:public/clients/keramicarstvo-buci-bostjan/hero.jpg,1,keramicarstvo-buci-bostjan,USED,Mosaic shower,Keep,,Profesionalno polaganje keramike v moderni kopalnici,/clients/keramicarstvo-buci-bostjan/hero.jpg,False,EU bathroom
KEEP,88,hash:07c4614ef1ed156a,public/clients/lepotni-studio-diamond/hero.jpg,local:public/clients/lepotni-studio-diamond/hero.jpg,1,lepotni-studio-diamond,USED,Styled hair portrait,Keep,,Topel in eleganten lepotni salon z naravno svetlobo,/clients/lepotni-studio-diamond/hero.jpg,False,none
KEEP,90,hash:0ac2245ac179c129,public/clients/keramicarstvo-sergej-mikolic/hero.jpg,local:public/clients/keramicarstvo-sergej-mikolic/hero.jpg,1,keramicarstvo-sergej-mikolic,USED,Luxury large-format tiling,Keep,,Keramičar polaga keramične ploščice v sodobni kopalnici,/clients/keramicarstvo-sergej-mikolic/hero.jpg,False,luxury bathroom
KEEP,85,hash:127303380722ddb6,public/clients/keramicarstvo-marko-novak/services.jpg,local:public/clients/keramicarstvo-marko-novak/services.jpg,1,keramicarstvo-marko-novak,USED,Hex tile wall,Keep,,Natančno polaganje keramičnih ploščic in orodje,/clients/keramicarstvo-marko-novak/services.jpg,False,EU safety
KEEP,82,hash:127f9c21449c38b7,public/clients/studio-surya-del/hero.jpg,local:public/clients/studio-surya-del/hero.jpg,1,studio-surya-del,USED,Tanning booth solarium fit,Keep,,Sodoben in čist prostor solarija z mehko svetlobo v Novem mestu,/clients/studio-surya-del/hero.jpg,False,SunFit; English towel
KEEP,93,hash:16d836f5138b91ea,public/clients/keramicarstvo-musaj-edon/hero.jpg,local:public/clients/keramicarstvo-musaj-edon/hero.jpg,1,keramicarstvo-musaj-edon,USED,Shower with TRES fixtures,Keep,,Moderna kopalnica s položeno keramiko v Novem mestu,/clients/keramicarstvo-musaj-edon/hero.jpg,False,TRES
KEEP,85,hash:18d0e3a4e67c5157,public/clients/lepotni-studio-mojca/services.jpg,local:public/clients/lepotni-studio-mojca/services.jpg,1,lepotni-studio-mojca,USED,Facial treatment,Keep,,Strokovna nega obraza in lepotne storitve,/clients/lepotni-studio-mojca/services.jpg,False,spa
KEEP,90,hash:2e5beb21330edb8b,public/clients/frizerski-salon-andreja/services.jpg,local:public/clients/frizerski-salon-andreja/services.jpg,1,frizerski-salon-andreja,USED,Hair color waves,Keep,,Strokovno striženje in barvanje las v prijetnem salonu,/clients/frizerski-salon-andreja/services.jpg,False,none
KEEP,92,hash:2eca0c4caaa2fb68,public/clients/keram-zlatko-mavrin/hero.jpg,local:public/clients/keram-zlatko-mavrin/hero.jpg,1,keram-zlatko-mavrin,USED,Octagon tile floor,Keep,,Polaganje keramike in prenova kopalnice v Ribnici,/clients/keram-zlatko-mavrin/hero.jpg,False,EU bathroom
KEEP,88,hash:3ff2410f0fb1870c,public/clients/frizerski-studio-anemari/services.jpg,local:public/clients/frizerski-studio-anemari/services.jpg,1,frizerski-studio-anemari,USED,Fashion color portrait,Keep,,"Strokovno striženje, barvanje in nega las v frizerskem studiu",/clients/frizerski-studio-anemari/services.jpg,False,beauty
KEEP,87,hash:40e0433d6c4ccd54,public/clients/pecarstvo-keramicarstvo-anton/services.jpg,local:public/clients/pecarstvo-keramicarstvo-anton/services.jpg,1,pecarstvo-keramicarstvo-anton,USED,Interior with stove pečarstvo,Keep,,Izdelava in obnova peči ter keramične storitve,/clients/pecarstvo-keramicarstvo-anton/services.jpg,False,EU home
KEEP,78,hash:418602ec25499bea,public/clients/keramicarstvo-ani-anel/services.jpg,local:public/clients/keramicarstvo-ani-anel/services.jpg,1,keramicarstvo-ani-anel,USED,Mosaic corridor,Keep,,Natančno položene keramične ploščice v prenovljeni kopalnici,/clients/keramicarstvo-ani-anel/services.jpg,False,public mosaic
KEEP,90,hash:4f5f7b6aeb3f1d5f,public/clients/zlatko-gojic-polaganje/hero.jpg,local:public/clients/zlatko-gojic-polaganje/hero.jpg,1,zlatko-gojic-polaganje,USED,Subway tile install hands-on,Keep,,Strokovno polaganje keramike v notranjih prostorih,/clients/zlatko-gojic-polaganje/hero.jpg,False,none
KEEP,94,hash:528fb166a4126cb2,public/clients/lepotni-studio-dama/hero.jpg,local:public/clients/lepotni-studio-dama/hero.jpg,1,lepotni-studio-dama,USED,Brow work beauty,Keep,,Strokovno oblikovanje obrvi in nega trepalnic v lepotnem studiu,/clients/lepotni-studio-dama/hero.jpg,False,none
KEEP,92,hash:5409a7bac2116cce,public/clients/amoris-keramicarstvo-zakljucna/hero.jpg,local:public/clients/amoris-keramicarstvo-zakljucna/hero.jpg,1,amoris-keramicarstvo-zakljucna,USED,High-end tiled bathroom,,,Natančno polaganje keramike v moderni kopalnici,/clients/amoris-keramicarstvo-zakljucna/hero.jpg,False,marble tiles
KEEP,92,hash:5873f4d316ec66dc,public/clients/keramicarstvo-miklavz-anton/hero.jpg,local:public/clients/keramicarstvo-miklavz-anton/hero.jpg,1,keramicarstvo-miklavz-anton,USED,Protective film peeling tiles,Keep,,Profesionalno polaganje keramičnih ploščic v modernem interierju,/clients/keramicarstvo-miklavz-anton/hero.jpg,False,none
KEEP,93,hash:5a8c8479b491c0ce,public/clients/keramicarstvo-robi-breznikar/hero.jpg,local:public/clients/keramicarstvo-robi-breznikar/hero.jpg,1,keramicarstvo-robi-breznikar,USED,Bathroom tile craftsmanship,Keep,,Strokoven keramičar pri polaganju ploščic v moderni kopalnici,/clients/keramicarstvo-robi-breznikar/hero.jpg,False,EU bathroom
KEEP,85,hash:630f2dc2ab225e6c,public/clients/elektro-ivan-troha/hero.jpg,local:public/clients/elektro-ivan-troha/hero.jpg,1,elektro-ivan-troha,USED,Electrician at distribution board,Keep,,Električar med delom na električni omarici,/clients/elektro-ivan-troha/hero.jpg,False,PPE panel
KEEP,88,hash:83124b6f2982ee92,public/clients/zbrendiraj-si/hero.jpg,local:public/clients/zbrendiraj-si/hero.jpg,1,zbrendiraj-si,USED,Modern workspace branding,Keep,,Zbrendiraj.si — vizualna identiteta,/clients/zbrendiraj-si/hero.jpg,False,minimal office
KEEP,82,hash:86f2c370ff23921a,public/clients/keramicarstvo-robi-breznikar/services.jpg,local:public/clients/keramicarstvo-robi-breznikar/services.jpg,1,keramicarstvo-robi-breznikar,USED,Vanity tile CGI,Keep,,Sodobno urejena kopalnica s kakovostno položenimi keramičnimi ploščicami,/clients/keramicarstvo-robi-breznikar/services.jpg,False,CGI bathroom
KEEP,76,hash:8cbd90edbaac5db5,public/clients/elektroinstalacije-slavko-praznik/hero.jpg,local:public/clients/elektroinstalacije-slavko-praznik/hero.jpg,1,elektroinstalacije-slavko-praznik,USED,Luxury interior finished lighting,Keep,,Električar pri delu na elektro omarici,/clients/elektroinstalacije-slavko-praznik/hero.jpg,False,luxury interior
KEEP,92,hash:8d327b7fc47ce079,public/clients/frizerki-salon-sabina/services.jpg,local:public/clients/frizerki-salon-sabina/services.jpg,1,frizerki-salon-sabina,USED,Tool flat-lay,Keep,,Strokovno barvanje in oblikovanje las v salonu,/clients/frizerki-salon-sabina/services.jpg,False,none
KEEP,84,hash:8eb5152bca4d6cd5,public/clients/frizerski-salon-mojca-2/services.jpg,local:public/clients/frizerski-salon-mojca-2/services.jpg,1,frizerski-salon-mojca-2,USED,Product wall,Keep,,Strokovno urejanje in barvanje las v prijetnem salonu,/clients/frizerski-salon-mojca-2/services.jpg,False,retail
KEEP,89,hash:97f61b64fc4231c2,public/clients/salon-zate-frizerstvo/hero.jpg,local:public/clients/salon-zate-frizerstvo/hero.jpg,1,salon-zate-frizerstvo,USED,Salon with Koleston,Keep,,Sodoben in urejen frizerski salon v toplih tonih,/clients/salon-zate-frizerstvo/hero.jpg,False,Wella
KEEP,90,hash:a244f489b902aa0f,public/clients/lars-kozmeticne-radenka/hero.jpg,local:public/clients/lars-kozmeticne-radenka/hero.jpg,1,lars-kozmeticne-radenka,USED,Bridal beauty salon,Keep,,Topel in svetel kozmetični salon z urejenim prostorom za nego,/clients/lars-kozmeticne-radenka/hero.jpg,False,bridal
KEEP,91,hash:a535c7429b97fde7,public/clients/frizerski-salon-erika/hero.jpg,local:public/clients/frizerski-salon-erika/hero.jpg,1,frizerski-salon-erika,USED,Modern salon stations,Keep,,Topel in urejen frizerski salon v Ilirski Bistrici,/clients/frizerski-salon-erika/hero.jpg,False,EU salon
KEEP,86,hash:aa8c8bbe4a6091a0,public/clients/brivsko-frizerski-salon/hero.jpg,local:public/clients/brivsko-frizerski-salon/hero.jpg,1,brivsko-frizerski-salon,USED,Industrial barber station,Keep,,Notranjost tradicionalnega frizerskega in brivskega salona z toplo osvetlitvijo,/clients/brivsko-frizerski-salon/hero.jpg,False,Barber mirror text
KEEP,82,hash:abe663a870c19559,public/clients/elektro-ika-gregor/hero.jpg,local:public/clients/elektro-ika-gregor/hero.jpg,1,elektro-ika-gregor,USED,Finished lighting pendants,Keep,,Električar pri delu z elektroinštalacijami,/clients/elektro-ika-gregor/hero.jpg,False,industrial lighting
KEEP,88,hash:acf374f873cfb739,public/clients/vulkanizerstvo-rok-kompara/services.jpg,local:public/clients/vulkanizerstvo-rok-kompara/services.jpg,1,vulkanizerstvo-rok-kompara,USED,Wheel/tire close-up,Keep,,Centriranje platišč in vulkanizerska dela,/clients/vulkanizerstvo-rok-kompara/services.jpg,False,Pirelli
KEEP,91,hash:af48ed54c9c8ad1c,public/clients/frizerski-studio-diva/hero.jpg,local:public/clients/frizerski-studio-diva/hero.jpg,1,frizerski-studio-diva,USED,Boutique salon hero,Keep,,Topel in prijeten ambient frizerskega studia v Krškem,/clients/frizerski-studio-diva/hero.jpg,False,EU salon
KEEP,90,hash:c41aa92783f7fa7b,public/clients/keramicarstvo-musaj-edon/services.jpg,local:public/clients/keramicarstvo-musaj-edon/services.jpg,1,keramicarstvo-musaj-edon,USED,Stone-look tile texture,Keep,,Natančno polaganje keramičnih ploščic,/clients/keramicarstvo-musaj-edon/services.jpg,False,none
KEEP,95,hash:c939ce58d2754659,public/clients/keramicarstvo-mohorcic-borut/hero.jpg,local:public/clients/keramicarstvo-mohorcic-borut/hero.jpg,1,keramicarstvo-mohorcic-borut,USED,Kachelofen tiles CE craft,Keep,,Strokoven keramičar pri polaganju keramičnih ploščic v modernem prostoru,/clients/keramicarstvo-mohorcic-borut/hero.jpg,False,Kachelofen
KEEP,92,hash:e2dbedb77b74e39f,public/clients/lars-kozmeticne-radenka/services.jpg,local:public/clients/lars-kozmeticne-radenka/services.jpg,1,lars-kozmeticne-radenka,USED,Face-mask skincare,Keep,,Strokovna nega obraza in kozmetične storitve v prijetnem ambientu,/clients/lars-kozmeticne-radenka/services.jpg,False,none
KEEP,72,hash:f3eff4f2bfb54e23,public/clients/elektro-ika-gregor/services.jpg,local:public/clients/elektro-ika-gregor/services.jpg,1,elektro-ika-gregor,USED,Residential fuse box,Keep,,Pametne inštalacije in elektro oprema,/clients/elektro-ika-gregor/services.jpg,False,SINO breakers
KEEP,86,hash:f5c18f7043945c68,public/clients/barber-luani/hero.jpg,local:public/clients/barber-luani/hero.jpg,1,barber-luani,USED,Modern barbershop cut,,,Moderen brivski salon v Novem mestu z urejenim prostorom za moško striženje,/clients/barber-luani/hero.jpg,False,white brick salon
KEEP,86,hash:fa4a0db4358ea55a,public/clients/frizerski-studio-red/hero.jpg,local:public/clients/frizerski-studio-red/hero.jpg,1,frizerski-studio-red,USED,Barber steam; EU exit pictogram,Keep,,Notranjnost sodobnega frizerskega studia z naravno svetlobo,/clients/frizerski-studio-red/hero.jpg,False,EU exit
